baseline,wave_id,time,operator_id,state_id,region_id,policy_before,policy_after,dynamic_hotness_before,dynamic_hotness_after,materialization_bytes,movement_byte_hop,cache_hit
flat_sequential,0,0.0,O_debate_r0_a0,S_task,R_0_0,replicate,replicate,0.0,350.0,4000,4000,False
flat_sequential,0,0.0,O_debate_r0_a0,S_document,R_0_0,replicate,replicate,0.0,350.0,4000,4000,False
flat_sequential,0,0.0,O_debate_r0_a0,S_rubric,R_0_0,replicate,replicate,0.0,350.0,4000,4000,False
flat_sequential,0,0.0,O_debate_r0_a0,S_role_instruction,R_0_0,replicate,replicate,0.0,350.0,4000,4000,False
flat_sequential,0,0.0,O_debate_r0_a0,S_round_0_stance_0,R_0_0,inline,inline,0.0,155.75,1780,1780,False
flat_sequential,1,8.940003202778126,O_debate_r0_a1,S_task,R_0_0,replicate,replicate,350.0,577.5,4000,4000,False
flat_sequential,1,8.940003202778126,O_debate_r0_a1,S_document,R_0_0,replicate,replicate,350.0,577.5,4000,4000,False
flat_sequential,1,8.940003202778126,O_debate_r0_a1,S_rubric,R_0_0,replicate,replicate,350.0,577.5,4000,4000,False
flat_sequential,1,8.940003202778126,O_debate_r0_a1,S_role_instruction,R_0_0,replicate,replicate,350.0,577.5,4000,4000,False
flat_sequential,1,8.940003202778126,O_debate_r0_a1,S_round_0_stance_1,R_0_0,inline,inline,0.0,138.6,1584,1584,False
flat_sequential,2,17.782006405525628,O_debate_r0_a2,S_task,R_0_0,replicate,replicate,577.5,725.375,4000,4000,False
flat_sequential,2,17.782006405525628,O_debate_r0_a2,S_document,R_0_0,replicate,replicate,577.5,725.375,4000,4000,False
flat_sequential,2,17.782006405525628,O_debate_r0_a2,S_rubric,R_0_0,replicate,replicate,577.5,725.375,4000,4000,False
flat_sequential,2,17.782006405525628,O_debate_r0_a2,S_role_instruction,R_0_0,replicate,replicate,577.5,725.375,4000,4000,False
flat_sequential,2,17.782006405525628,O_debate_r0_a2,S_round_0_stance_2,R_0_0,inline,inline,0.0,142.79999999999998,1632,1632,False
flat_sequential,3,26.64800960828063,O_debate_r0_a3,S_task,R_0_0,replicate,replicate,725.375,821.4937500000001,4000,4000,False
flat_sequential,3,26.64800960828063,O_debate_r0_a3,S_document,R_0_0,replicate,replicate,725.375,821.4937500000001,4000,4000,False
flat_sequential,3,26.64800960828063,O_debate_r0_a3,S_rubric,R_0_0,replicate,replicate,725.375,821.4937500000001,4000,4000,False
flat_sequential,3,26.64800960828063,O_debate_r0_a3,S_role_instruction,R_0_0,replicate,replicate,725.375,821.4937500000001,4000,4000,False
flat_sequential,3,26.64800960828063,O_debate_r0_a3,S_round_0_stance_3,R_0_0,inline,inline,0.0,108.14999999999999,1236,1236,False
flat_sequential,4,35.31601281097376,O_transcript_r0,S_debate_r0_a0,R_0_0,inline,inline,0.0,58.239999999999995,832,832,False
flat_sequential,4,35.31601281097376,O_transcript_r0,S_debate_r0_a1,R_0_0,inline,inline,0.0,79.8,1140,1140,False
flat_sequential,4,35.31601281097376,O_transcript_r0,S_debate_r0_a2,R_0_0,inline,inline,0.0,62.99999999999999,900,900,False
flat_sequential,4,35.31601281097376,O_transcript_r0,S_debate_r0_a3,R_0_0,inline,inline,0.0,60.760000000000005,868,868,False
flat_sequential,5,35.46601601155813,O_debate_r1_a0,S_task,R_0_0,replicate,replicate,821.4937500000001,883.9709375000001,4000,4000,False
flat_sequential,5,35.46601601155813,O_debate_r1_a0,S_document,R_0_0,replicate,replicate,821.4937500000001,883.9709375000001,4000,4000,False
flat_sequential,5,35.46601601155813,O_debate_r1_a0,S_rubric,R_0_0,replicate,replicate,821.4937500000001,883.9709375000001,4000,4000,False
flat_sequential,5,35.46601601155813,O_debate_r1_a0,S_role_instruction,R_0_0,replicate,replicate,821.4937500000001,883.9709375000001,4000,4000,False
flat_sequential,5,35.46601601155813,O_debate_r1_a0,S_round_1_stance_0,R_0_0,inline,inline,0.0,134.04999999999998,1532,1532,False
flat_sequential,5,35.46601601155813,O_debate_r1_a0,S_transcript_r0,R_0_0,replicate,replicate,0.0,327.25,3740,3740,False
flat_sequential,6,46.15201921488188,O_debate_r1_a1,S_task,R_0_0,replicate,replicate,883.9709375000001,924.5811093750001,4000,4000,False
flat_sequential,6,46.15201921488188,O_debate_r1_a1,S_document,R_0_0,replicate,replicate,883.9709375000001,924.5811093750001,4000,4000,False
flat_sequential,6,46.15201921488188,O_debate_r1_a1,S_rubric,R_0_0,replicate,replicate,883.9709375000001,924.5811093750001,4000,4000,False
flat_sequential,6,46.15201921488188,O_debate_r1_a1,S_role_instruction,R_0_0,replicate,replicate,883.9709375000001,924.5811093750001,4000,4000,False
flat_sequential,6,46.15201921488188,O_debate_r1_a1,S_round_1_stance_1,R_0_0,inline,inline,0.0,139.64999999999998,1596,1596,False
flat_sequential,6,46.15201921488188,O_debate_r1_a1,S_transcript_r0,R_0_0,replicate,replicate,327.25,539.9625,3740,3740,False
flat_sequential,7,56.87002241821563,O_debate_r1_a2,S_task,R_0_0,replicate,replicate,924.5811093750001,950.9777210937501,4000,4000,False
flat_sequential,7,56.87002241821563,O_debate_r1_a2,S_document,R_0_0,replicate,replicate,924.5811093750001,950.9777210937501,4000,4000,False
flat_sequential,7,56.87002241821563,O_debate_r1_a2,S_rubric,R_0_0,replicate,replicate,924.5811093750001,950.9777210937501,4000,4000,False
flat_sequential,7,56.87002241821563,O_debate_r1_a2,S_role_instruction,R_0_0,replicate,replicate,924.5811093750001,950.9777210937501,4000,4000,False
flat_sequential,7,56.87002241821563,O_debate_r1_a2,S_round_1_stance_2,R_0_0,inline,inline,0.0,153.29999999999998,1752,1752,False
flat_sequential,7,56.87002241821563,O_debate_r1_a2,S_transcript_r0,R_0_0,replicate,replicate,539.9625,678.225625,3740,3740,False
flat_sequential,8,67.66602562157377,O_debate_r1_a3,S_task,R_0_0,replicate,replicate,950.9777210937501,968.1355187109376,4000,4000,False
flat_sequential,8,67.66602562157377,O_debate_r1_a3,S_document,R_0_0,replicate,replicate,950.9777210937501,968.1355187109376,4000,4000,False
flat_sequential,8,67.66602562157377,O_debate_r1_a3,S_rubric,R_0_0,replicate,replicate,950.9777210937501,968.1355187109376,4000,4000,False
flat_sequential,8,67.66602562157377,O_debate_r1_a3,S_role_instruction,R_0_0,replicate,replicate,950.9777210937501,968.1355187109376,4000,4000,False
flat_sequential,8,67.66602562157377,O_debate_r1_a3,S_round_1_stance_3,R_0_0,inline,inline,0.0,135.45,1548,1548,False
flat_sequential,8,67.66602562157377,O_debate_r1_a3,S_transcript_r0,R_0_0,replicate,replicate,678.225625,768.09665625,3740,3740,False
flat_sequential,9,78.36002882490001,O_transcript_r1,S_debate_r1_a0,R_0_0,inline,inline,0.0,83.72,1196,1196,False
flat_sequential,9,78.36002882490001,O_transcript_r1,S_debate_r1_a1,R_0_0,inline,inline,0.0,88.19999999999999,1260,1260,False
flat_sequential,9,78.36002882490001,O_transcript_r1,S_debate_r1_a2,R_0_0,inline,inline,0.0,52.92,756,756,False
flat_sequential,9,78.36002882490001,O_transcript_r1,S_debate_r1_a3,R_0_0,inline,inline,0.0,52.08,744,744,False
flat_sequential,10,78.51003202551814,O_judge,S_task,R_0_0,replicate,replicate,968.1355187109376,1399.2880871621096,4000,4000,False
flat_sequential,10,78.51003202551814,O_judge,S_rubric,R_0_0,replicate,replicate,968.1355187109376,1399.2880871621096,4000,4000,False
flat_sequential,10,78.51003202551814,O_judge,S_transcript_r1,R_0_0,inline,inline,0.0,761.53,3956,3956,False
request_parallel_gpu_like,0,0.0,O_debate_r0_a0,S_task,R_0_0,replicate,replicate,1399.2880871621096,1259.5372566553713,4000,4000,False
request_parallel_gpu_like,0,0.0,O_debate_r0_a0,S_document,R_0_0,replicate,replicate,968.1355187109376,979.2880871621095,4000,4000,False
request_parallel_gpu_like,0,0.0,O_debate_r0_a0,S_rubric,R_0_0,replicate,replicate,1399.2880871621096,1259.5372566553713,4000,4000,False
request_parallel_gpu_like,0,0.0,O_debate_r0_a0,S_role_instruction,R_0_0,replicate,replicate,968.1355187109376,979.2880871621095,4000,4000,False
request_parallel_gpu_like,0,0.0,O_debate_r0_a0,S_round_0_stance_0,R_0_0,inline,inline,155.75,256.9875,1780,1780,False
request_parallel_gpu_like,0,0.0,O_debate_r0_a1,S_task,R_0_15,replicate,replicate,1259.5372566553713,1168.6992168259912,4000,4000,False
request_parallel_gpu_like,0,0.0,O_debate_r0_a1,S_document,R_0_15,replicate,replicate,979.2880871621095,986.5372566553712,4000,4000,False
request_parallel_gpu_like,0,0.0,O_debate_r0_a1,S_rubric,R_0_15,replicate,replicate,1259.5372566553713,1168.6992168259912,4000,4000,False
request_parallel_gpu_like,0,0.0,O_debate_r0_a1,S_role_instruction,R_0_15,replicate,replicate,979.2880871621095,986.5372566553712,4000,4000,False
request_parallel_gpu_like,0,0.0,O_debate_r0_a1,S_round_0_stance_1,R_0_15,inline,inline,138.6,228.69,1584,1584,False
request_parallel_gpu_like,0,0.0,O_debate_r0_a2,S_task,R_15_0,replicate,replicate,1168.6992168259912,1109.6544909368945,4000,4000,False
request_parallel_gpu_like,0,0.0,O_debate_r0_a2,S_document,R_15_0,replicate,replicate,986.5372566553712,991.2492168259913,4000,4000,False
request_parallel_gpu_like,0,0.0,O_debate_r0_a2,S_rubric,R_15_0,replicate,replicate,1168.6992168259912,1109.6544909368945,4000,4000,False
request_parallel_gpu_like,0,0.0,O_debate_r0_a2,S_role_instruction,R_15_0,replicate,replicate,986.5372566553712,991.2492168259913,4000,4000,False
request_parallel_gpu_like,0,0.0,O_debate_r0_a2,S_round_0_stance_2,R_15_0,inline,inline,142.79999999999998,235.61999999999998,1632,1632,False
request_parallel_gpu_like,0,0.0,O_debate_r0_a3,S_task,R_15_15,replicate,replicate,1109.6544909368945,1071.2754191089814,4000,4000,False
request_parallel_gpu_like,0,0.0,O_debate_r0_a3,S_document,R_15_15,replicate,replicate,991.2492168259913,994.3119909368944,4000,4000,False
request_parallel_gpu_like,0,0.0,O_debate_r0_a3,S_rubric,R_15_15,replicate,replicate,1109.6544909368945,1071.2754191089814,4000,4000,False
request_parallel_gpu_like,0,0.0,O_debate_r0_a3,S_role_instruction,R_15_15,replicate,replicate,991.2492168259913,994.3119909368944,4000,4000,False
request_parallel_gpu_like,0,0.0,O_debate_r0_a3,S_round_0_stance_3,R_15_15,inline,inline,108.14999999999999,178.4475,1236,1236,False
request_parallel_gpu_like,1,8.940003210973751,O_transcript_r0,S_debate_r0_a0,R_0_0,inline,inline,58.239999999999995,96.09599999999999,832,832,False
request_parallel_gpu_like,1,8.940003210973751,O_transcript_r0,S_debate_r0_a1,R_0_0,inline,inline,79.8,131.67,1140,1140,False
request_parallel_gpu_like,1,8.940003210973751,O_transcript_r0,S_debate_r0_a2,R_0_0,inline,inline,62.99999999999999,103.94999999999999,900,900,False
request_parallel_gpu_like,1,8.940003210973751,O_transcript_r0,S_debate_r0_a3,R_0_0,inline,inline,60.760000000000005,100.25400000000002,868,868,False
request_parallel_gpu_like,2,9.090006411558127,O_debate_r1_a0,S_task,R_0_0,replicate,replicate,1071.2754191089814,1046.329022420838,0,0,True
request_parallel_gpu_like,2,9.090006411558127,O_debate_r1_a0,S_document,R_0_0,replicate,replicate,994.3119909368944,996.3027941089814,0,0,True
request_parallel_gpu_like,2,9.090006411558127,O_debate_r1_a0,S_rubric,R_0_0,replicate,replicate,1071.2754191089814,1046.329022420838,0,0,True
request_parallel_gpu_like,2,9.090006411558127,O_debate_r1_a0,S_role_instruction,R_0_0,replicate,replicate,994.3119909368944,996.3027941089814,0,0,True
request_parallel_gpu_like,2,9.090006411558127,O_debate_r1_a0,S_round_1_stance_0,R_0_0,inline,inline,134.04999999999998,221.18249999999998,1532,1532,False
request_parallel_gpu_like,2,9.090006411558127,O_debate_r1_a0,S_transcript_r0,R_0_0,replicate,replicate,768.09665625,826.5128265625001,3740,3740,False
request_parallel_gpu_like,2,9.090006411558127,O_debate_r1_a1,S_task,R_0_15,replicate,replicate,1046.329022420838,1030.1138645735448,0,0,True
request_parallel_gpu_like,2,9.090006411558127,O_debate_r1_a1,S_document,R_0_15,replicate,replicate,996.3027941089814,997.5968161708379,0,0,True
request_parallel_gpu_like,2,9.090006411558127,O_debate_r1_a1,S_rubric,R_0_15,replicate,replicate,1046.329022420838,1030.1138645735448,0,0,True
request_parallel_gpu_like,2,9.090006411558127,O_debate_r1_a1,S_role_instruction,R_0_15,replicate,replicate,996.3027941089814,997.5968161708379,0,0,True
request_parallel_gpu_like,2,9.090006411558127,O_debate_r1_a1,S_round_1_stance_1,R_0_15,inline,inline,139.64999999999998,230.42249999999996,1596,1596,False
request_parallel_gpu_like,2,9.090006411558127,O_debate_r1_a1,S_transcript_r0,R_0_15,replicate,replicate,826.5128265625001,864.4833372656251,3740,3740,False
request_parallel_gpu_like,2,9.090006411558127,O_debate_r1_a2,S_task,R_15_0,replicate,replicate,1030.1138645735448,1019.5740119728041,0,0,True
request_parallel_gpu_like,2,9.090006411558127,O_debate_r1_a2,S_document,R_15_0,replicate,replicate,997.5968161708379,998.4379305110447,0,0,True
request_parallel_gpu_like,2,9.090006411558127,O_debate_r1_a2,S_rubric,R_15_0,replicate,replicate,1030.1138645735448,1019.5740119728041,0,0,True
request_parallel_gpu_like,2,9.090006411558127,O_debate_r1_a2,S_role_instruction,R_15_0,replicate,replicate,997.5968161708379,998.4379305110447,0,0,True
request_parallel_gpu_like,2,9.090006411558127,O_debate_r1_a2,S_round_1_stance_2,R_15_0,inline,inline,153.29999999999998,252.945,1752,1752,False
request_parallel_gpu_like,2,9.090006411558127,O_debate_r1_a2,S_transcript_r0,R_15_0,replicate,replicate,864.4833372656251,889.1641692226564,3740,3740,False
request_parallel_gpu_like,2,9.090006411558127,O_debate_r1_a3,S_task,R_15_15,replicate,replicate,1019.5740119728041,1012.7231077823227,0,0,True
request_parallel_gpu_like,2,9.090006411558127,O_debate_r1_a3,S_document,R_15_15,replicate,replicate,998.4379305110447,998.9846548321791,0,0,True
request_parallel_gpu_like,2,9.090006411558127,O_debate_r1_a3,S_rubric,R_15_15,replicate,replicate,1019.5740119728041,1012.7231077823227,0,0,True
request_parallel_gpu_like,2,9.090006411558127,O_debate_r1_a3,S_role_instruction,R_15_15,replicate,replicate,998.4379305110447,998.9846548321791,0,0,True
request_parallel_gpu_like,2,9.090006411558127,O_debate_r1_a3,S_round_1_stance_3,R_15_15,inline,inline,135.45,223.49249999999998,1548,1548,False
request_parallel_gpu_like,2,9.090006411558127,O_debate_r1_a3,S_transcript_r0,R_15_15,replicate,replicate,889.1641692226564,905.2067099947267,3740,3740,False
request_parallel_gpu_like,3,19.886009614900004,O_transcript_r1,S_debate_r1_a0,R_0_0,inline,inline,83.72,138.138,1196,1196,False
request_parallel_gpu_like,3,19.886009614900004,O_transcript_r1,S_debate_r1_a1,R_0_0,inline,inline,88.19999999999999,145.52999999999997,1260,1260,False
request_parallel_gpu_like,3,19.886009614900004,O_transcript_r1,S_debate_r1_a2,R_0_0,inline,inline,52.92,87.31800000000001,756,756,False
request_parallel_gpu_like,3,19.886009614900004,O_transcript_r1,S_debate_r1_a3,R_0_0,inline,inline,52.08,85.93199999999999,744,744,False
request_parallel_gpu_like,4,20.03601281551813,O_judge,S_task,R_0_0,replicate,replicate,1012.7231077823227,1428.2700200585098,0,0,True
request_parallel_gpu_like,4,20.03601281551813,O_judge,S_rubric,R_0_0,replicate,replicate,1012.7231077823227,1428.2700200585098,0,0,True
request_parallel_gpu_like,4,20.03601281551813,O_judge,S_transcript_r1,R_0_0,inline,inline,761.53,1256.5245,3956,3956,False
prefix_cache_like,0,0.0,O_debate_r0_a0,S_task,R_0_0,replicate,replicate,1428.2700200585098,1278.3755130380314,4000,4000,False
prefix_cache_like,0,0.0,O_debate_r0_a0,S_document,R_0_0,replicate,replicate,998.9846548321791,999.3400256409165,4000,4000,False
prefix_cache_like,0,0.0,O_debate_r0_a0,S_rubric,R_0_0,replicate,replicate,1428.2700200585098,1278.3755130380314,4000,4000,False
prefix_cache_like,0,0.0,O_debate_r0_a0,S_role_instruction,R_0_0,replicate,replicate,998.9846548321791,999.3400256409165,4000,4000,False
prefix_cache_like,0,0.0,O_debate_r0_a0,S_round_0_stance_0,R_0_0,inline,inline,256.9875,322.791875,1780,1780,False
prefix_cache_like,0,0.0,O_debate_r0_a1,S_task,R_0_15,replicate,replicate,1278.3755130380314,1180.9440834747204,0,0,True
prefix_cache_like,0,0.0,O_debate_r0_a1,S_document,R_0_15,replicate,replicate,999.3400256409165,999.5710166665957,0,0,True
prefix_cache_like,0,0.0,O_debate_r0_a1,S_rubric,R_0_15,replicate,replicate,1278.3755130380314,1180.9440834747204,0,0,True
prefix_cache_like,0,0.0,O_debate_r0_a1,S_role_instruction,R_0_15,replicate,replicate,999.3400256409165,999.5710166665957,0,0,True
prefix_cache_like,0,0.0,O_debate_r0_a1,S_round_0_stance_1,R_0_15,inline,inline,228.69,287.24850000000004,1584,1584,False
prefix_cache_like,0,0.0,O_debate_r0_a2,S_task,R_15_0,replicate,replicate,1180.9440834747204,1117.6136542585682,0,0,True
prefix_cache_like,0,0.0,O_debate_r0_a2,S_document,R_15_0,replicate,replicate,999.5710166665957,999.7211608332873,0,0,True
prefix_cache_like,0,0.0,O_debate_r0_a2,S_rubric,R_15_0,replicate,replicate,1180.9440834747204,1117.6136542585682,0,0,True
prefix_cache_like,0,0.0,O_debate_r0_a2,S_role_instruction,R_15_0,replicate,replicate,999.5710166665957,999.7211608332873,0,0,True
prefix_cache_like,0,0.0,O_debate_r0_a2,S_round_0_stance_2,R_15_0,inline,inline,235.61999999999998,295.953,1632,1632,False
prefix_cache_like,0,0.0,O_debate_r0_a3,S_task,R_15_15,replicate,replicate,1117.6136542585682,1076.4488752680695,0,0,True
prefix_cache_like,0,0.0,O_debate_r0_a3,S_document,R_15_15,replicate,replicate,999.7211608332873,999.8187545416367,0,0,True
prefix_cache_like,0,0.0,O_debate_r0_a3,S_rubric,R_15_15,replicate,replicate,1117.6136542585682,1076.4488752680695,0,0,True
prefix_cache_like,0,0.0,O_debate_r0_a3,S_role_instruction,R_15_15,replicate,replicate,999.7211608332873,999.8187545416367,0,0,True
prefix_cache_like,0,0.0,O_debate_r0_a3,S_round_0_stance_3,R_15_15,inline,inline,178.4475,224.140875,1236,1236,False
prefix_cache_like,1,8.94000320347375,O_transcript_r0,S_debate_r0_a0,R_0_0,inline,inline,96.09599999999999,120.70239999999998,832,832,False
prefix_cache_like,1,8.94000320347375,O_transcript_r0,S_debate_r0_a1,R_0_0,inline,inline,131.67,165.38549999999998,1140,1140,False
prefix_cache_like,1,8.94000320347375,O_transcript_r0,S_debate_r0_a2,R_0_0,inline,inline,103.94999999999999,130.5675,900,900,False
prefix_cache_like,1,8.94000320347375,O_transcript_r0,S_debate_r0_a3,R_0_0,inline,inline,100.25400000000002,125.92510000000001,868,868,False
prefix_cache_like,2,9.090006404058126,O_debate_r1_a0,S_task,R_0_0,replicate,replicate,1076.4488752680695,1049.6917689242453,0,0,True
prefix_cache_like,2,9.090006404058126,O_debate_r1_a0,S_document,R_0_0,replicate,replicate,999.8187545416367,999.8821904520639,0,0,True
prefix_cache_like,2,9.090006404058126,O_debate_r1_a0,S_rubric,R_0_0,replicate,replicate,1076.4488752680695,1049.6917689242453,0,0,True
prefix_cache_like,2,9.090006404058126,O_debate_r1_a0,S_role_instruction,R_0_0,replicate,replicate,999.8187545416367,999.8821904520639,0,0,True
prefix_cache_like,2,9.090006404058126,O_debate_r1_a0,S_round_1_stance_0,R_0_0,inline,inline,221.18249999999998,277.818625,1532,1532,False
prefix_cache_like,2,9.090006404058126,O_debate_r1_a0,S_transcript_r0,R_0_0,replicate,replicate,905.2067099947267,915.6343614965724,3740,3740,False
prefix_cache_like,2,9.090006404058126,O_debate_r1_a1,S_task,R_0_15,replicate,replicate,1049.6917689242453,1032.2996498007594,0,0,True
prefix_cache_like,2,9.090006404058126,O_debate_r1_a1,S_document,R_0_15,replicate,replicate,999.8821904520639,999.9234237938416,0,0,True
prefix_cache_like,2,9.090006404058126,O_debate_r1_a1,S_rubric,R_0_15,replicate,replicate,1049.6917689242453,1032.2996498007594,0,0,True
prefix_cache_like,2,9.090006404058126,O_debate_r1_a1,S_role_instruction,R_0_15,replicate,replicate,999.8821904520639,999.9234237938416,0,0,True
prefix_cache_like,2,9.090006404058126,O_debate_r1_a1,S_round_1_stance_1,R_0_15,inline,inline,230.42249999999996,289.424625,1596,1596,False
prefix_cache_like,2,9.090006404058126,O_debate_r1_a1,S_transcript_r0,R_0_15,replicate,replicate,915.6343614965724,922.4123349727721,3740,3740,False
prefix_cache_like,2,9.090006404058126,O_debate_r1_a2,S_task,R_15_0,replicate,replicate,1032.2996498007594,1020.9947723704937,0,0,True
prefix_cache_like,2,9.090006404058126,O_debate_r1_a2,S_document,R_15_0,replicate,replicate,999.9234237938416,999.950225465997,0,0,True
prefix_cache_like,2,9.090006404058126,O_debate_r1_a2,S_rubric,R_15_0,replicate,replicate,1032.2996498007594,1020.9947723704937,0,0,True
prefix_cache_like,2,9.090006404058126,O_debate_r1_a2,S_role_instruction,R_15_0,replicate,replicate,999.9234237938416,999.950225465997,0,0,True
prefix_cache_like,2,9.090006404058126,O_debate_r1_a2,S_round_1_stance_2,R_15_0,inline,inline,252.945,317.71425,1752,1752,False
prefix_cache_like,2,9.090006404058126,O_debate_r1_a2,S_transcript_r0,R_15_0,replicate,replicate,922.4123349727721,926.8180177323019,3740,3740,False
prefix_cache_like,2,9.090006404058126,O_debate_r1_a3,S_task,R_15_15,replicate,replicate,1020.9947723704937,1013.6466020408209,0,0,True
prefix_cache_like,2,9.090006404058126,O_debate_r1_a3,S_document,R_15_15,replicate,replicate,999.950225465997,999.9676465528981,0,0,True
prefix_cache_like,2,9.090006404058126,O_debate_r1_a3,S_rubric,R_15_15,replicate,replicate,1020.9947723704937,1013.6466020408209,0,0,True
prefix_cache_like,2,9.090006404058126,O_debate_r1_a3,S_role_instruction,R_15_15,replicate,replicate,999.950225465997,999.9676465528981,0,0,True
prefix_cache_like,2,9.090006404058126,O_debate_r1_a3,S_round_1_stance_3,R_15_15,inline,inline,223.49249999999998,280.72012499999994,1548,1548,False
prefix_cache_like,2,9.090006404058126,O_debate_r1_a3,S_transcript_r0,R_15_15,replicate,replicate,926.8180177323019,929.6817115259962,3740,3740,False
prefix_cache_like,3,19.886009607400002,O_transcript_r1,S_debate_r1_a0,R_0_0,inline,inline,138.138,173.5097,1196,1196,False
prefix_cache_like,3,19.886009607400002,O_transcript_r1,S_debate_r1_a1,R_0_0,inline,inline,145.52999999999997,182.79449999999997,1260,1260,False
prefix_cache_like,3,19.886009607400002,O_transcript_r1,S_debate_r1_a2,R_0_0,inline,inline,87.31800000000001,109.67670000000001,756,756,False
prefix_cache_like,3,19.886009607400002,O_transcript_r1,S_debate_r1_a3,R_0_0,inline,inline,85.93199999999999,107.9358,744,744,False
prefix_cache_like,4,20.03601280801813,O_judge,S_task,R_0_0,replicate,replicate,1013.6466020408209,1428.8702913265336,0,0,True
prefix_cache_like,4,20.03601280801813,O_judge,S_rubric,R_0_0,replicate,replicate,1013.6466020408209,1428.8702913265336,0,0,True
prefix_cache_like,4,20.03601280801813,O_judge,S_transcript_r1,R_0_0,inline,inline,1256.5245,1578.270925,3956,3956,False
helium_like_operator_schedule,0,0.0,O_debate_r0_a0,S_task,R_0_0,replicate,replicate,1428.8702913265336,1278.7656893622468,4000,4000,False
helium_like_operator_schedule,0,0.0,O_debate_r0_a0,S_document,R_0_0,replicate,replicate,999.9676465528981,999.9789702593838,4000,4000,False
helium_like_operator_schedule,0,0.0,O_debate_r0_a0,S_rubric,R_0_0,replicate,replicate,1428.8702913265336,1278.7656893622468,4000,4000,False
helium_like_operator_schedule,0,0.0,O_debate_r0_a0,S_role_instruction,R_0_0,replicate,replicate,999.9676465528981,999.9789702593838,4000,4000,False
helium_like_operator_schedule,0,0.0,O_debate_r0_a0,S_round_0_stance_0,R_0_0,inline,inline,322.791875,365.56471875,1780,1780,False
helium_like_operator_schedule,0,0.0,O_debate_r0_a1,S_task,R_0_15,replicate,replicate,1278.7656893622468,1181.1976980854606,0,0,True
helium_like_operator_schedule,0,0.0,O_debate_r0_a1,S_document,R_0_15,replicate,replicate,999.9789702593838,999.9863306685995,0,0,True
helium_like_operator_schedule,0,0.0,O_debate_r0_a1,S_rubric,R_0_15,replicate,replicate,1278.7656893622468,1181.1976980854606,0,0,True
helium_like_operator_schedule,0,0.0,O_debate_r0_a1,S_role_instruction,R_0_15,replicate,replicate,999.9789702593838,999.9863306685995,0,0,True
helium_like_operator_schedule,0,0.0,O_debate_r0_a1,S_round_0_stance_1,R_0_15,inline,inline,287.24850000000004,325.311525,1584,1584,False
helium_like_operator_schedule,0,0.0,O_debate_r0_a2,S_task,R_15_0,replicate,replicate,1181.1976980854606,1117.7785037555495,0,0,True
helium_like_operator_schedule,0,0.0,O_debate_r0_a2,S_document,R_15_0,replicate,replicate,999.9863306685995,999.9911149345897,0,0,True
helium_like_operator_schedule,0,0.0,O_debate_r0_a2,S_rubric,R_15_0,replicate,replicate,1181.1976980854606,1117.7785037555495,0,0,True
helium_like_operator_schedule,0,0.0,O_debate_r0_a2,S_role_instruction,R_15_0,replicate,replicate,999.9863306685995,999.9911149345897,0,0,True
helium_like_operator_schedule,0,0.0,O_debate_r0_a2,S_round_0_stance_2,R_15_0,inline,inline,295.953,335.16945,1632,1632,False
helium_like_operator_schedule,0,0.0,O_debate_r0_a3,S_task,R_15_15,replicate,replicate,1117.7785037555495,1076.5560274411073,0,0,True
helium_like_operator_schedule,0,0.0,O_debate_r0_a3,S_document,R_15_15,replicate,replicate,999.9911149345897,999.9942247074833,0,0,True
helium_like_operator_schedule,0,0.0,O_debate_r0_a3,S_rubric,R_15_15,replicate,replicate,1117.7785037555495,1076.5560274411073,0,0,True
helium_like_operator_schedule,0,0.0,O_debate_r0_a3,S_role_instruction,R_15_15,replicate,replicate,999.9911149345897,999.9942247074833,0,0,True
helium_like_operator_schedule,0,0.0,O_debate_r0_a3,S_round_0_stance_3,R_15_15,inline,inline,224.140875,253.84156874999996,1236,1236,False
helium_like_operator_schedule,1,8.94000320347375,O_transcript_r0,S_debate_r0_a0,R_0_0,inline,inline,120.70239999999998,136.69655999999998,832,832,False
helium_like_operator_schedule,1,8.94000320347375,O_transcript_r0,S_debate_r0_a1,R_0_0,inline,inline,165.38549999999998,187.30057499999998,1140,1140,False
helium_like_operator_schedule,1,8.94000320347375,O_transcript_r0,S_debate_r0_a2,R_0_0,inline,inline,130.5675,147.868875,900,900,False
helium_like_operator_schedule,1,8.94000320347375,O_transcript_r0,S_debate_r0_a3,R_0_0,inline,inline,125.92510000000001,142.61131500000002,868,868,False
helium_like_operator_schedule,2,9.090006404058126,O_debate_r1_a0,S_task,R_0_0,replicate,replicate,1076.5560274411073,1049.7614178367198,0,0,True
helium_like_operator_schedule,2,9.090006404058126,O_debate_r1_a0,S_document,R_0_0,replicate,replicate,999.9942247074833,999.9962460598642,0,0,True
helium_like_operator_schedule,2,9.090006404058126,O_debate_r1_a0,S_rubric,R_0_0,replicate,replicate,1076.5560274411073,1049.7614178367198,0,0,True
helium_like_operator_schedule,2,9.090006404058126,O_debate_r1_a0,S_role_instruction,R_0_0,replicate,replicate,999.9942247074833,999.9962460598642,0,0,True
helium_like_operator_schedule,2,9.090006404058126,O_debate_r1_a0,S_round_1_stance_0,R_0_0,inline,inline,277.818625,314.63210625,1532,1532,False
helium_like_operator_schedule,2,9.090006404058126,O_debate_r1_a0,S_transcript_r0,R_0_0,replicate,replicate,929.6817115259962,931.5431124918975,3740,3740,False
helium_like_operator_schedule,2,9.090006404058126,O_debate_r1_a1,S_task,R_0_15,replicate,replicate,1049.7614178367198,1032.3449215938679,0,0,True
helium_like_operator_schedule,2,9.090006404058126,O_debate_r1_a1,S_document,R_0_15,replicate,replicate,999.9962460598642,999.9975599389118,0,0,True
helium_like_operator_schedule,2,9.090006404058126,O_debate_r1_a1,S_rubric,R_0_15,replicate,replicate,1049.7614178367198,1032.3449215938679,0,0,True
helium_like_operator_schedule,2,9.090006404058126,O_debate_r1_a1,S_role_instruction,R_0_15,replicate,replicate,999.9962460598642,999.9975599389118,0,0,True
helium_like_operator_schedule,2,9.090006404058126,O_debate_r1_a1,S_round_1_stance_1,R_0_15,inline,inline,289.424625,327.77600624999997,1596,1596,False
helium_like_operator_schedule,2,9.090006404058126,O_debate_r1_a1,S_transcript_r0,R_0_15,replicate,replicate,931.5431124918975,932.7530231197334,0,0,True
helium_like_operator_schedule,2,9.090006404058126,O_debate_r1_a2,S_task,R_15_0,replicate,replicate,1032.3449215938679,1021.0241990360141,0,0,True
helium_like_operator_schedule,2,9.090006404058126,O_debate_r1_a2,S_document,R_15_0,replicate,replicate,999.9975599389118,999.9984139602926,0,0,True
helium_like_operator_schedule,2,9.090006404058126,O_debate_r1_a2,S_rubric,R_15_0,replicate,replicate,1032.3449215938679,1021.0241990360141,0,0,True
helium_like_operator_schedule,2,9.090006404058126,O_debate_r1_a2,S_role_instruction,R_15_0,replicate,replicate,999.9975599389118,999.9984139602926,0,0,True
helium_like_operator_schedule,2,9.090006404058126,O_debate_r1_a2,S_round_1_stance_2,R_15_0,inline,inline,317.71425,359.8142625,1752,1752,False
helium_like_operator_schedule,2,9.090006404058126,O_debate_r1_a2,S_transcript_r0,R_15_0,replicate,replicate,932.7530231197334,933.5394650278267,0,0,True
helium_like_operator_schedule,2,9.090006404058126,O_debate_r1_a3,S_task,R_15_15,replicate,replicate,1021.0241990360141,1013.6657293734092,0,0,True
helium_like_operator_schedule,2,9.090006404058126,O_debate_r1_a3,S_document,R_15_15,replicate,replicate,999.9984139602926,999.9989690741902,0,0,True
helium_like_operator_schedule,2,9.090006404058126,O_debate_r1_a3,S_rubric,R_15_15,replicate,replicate,1021.0241990360141,1013.6657293734092,0,0,True
helium_like_operator_schedule,2,9.090006404058126,O_debate_r1_a3,S_role_instruction,R_15_15,replicate,replicate,999.9984139602926,999.9989690741902,0,0,True
helium_like_operator_schedule,2,9.090006404058126,O_debate_r1_a3,S_round_1_stance_3,R_15_15,inline,inline,280.72012499999994,317.91808124999994,1548,1548,False
helium_like_operator_schedule,2,9.090006404058126,O_debate_r1_a3,S_transcript_r0,R_15_15,replicate,replicate,933.5394650278267,934.0506522680874,0,0,True
helium_like_operator_schedule,3,19.886009605646876,O_transcript_r1,S_debate_r1_a0,R_0_0,inline,inline,173.5097,196.501305,1196,1196,False
helium_like_operator_schedule,3,19.886009605646876,O_transcript_r1,S_debate_r1_a1,R_0_0,inline,inline,182.79449999999997,207.01642499999997,1260,1260,False
helium_like_operator_schedule,3,19.886009605646876,O_transcript_r1,S_debate_r1_a2,R_0_0,inline,inline,109.67670000000001,124.209855,756,756,False
helium_like_operator_schedule,3,19.886009605646876,O_transcript_r1,S_debate_r1_a3,R_0_0,inline,inline,107.9358,122.23827,744,744,False
helium_like_operator_schedule,4,20.036012806265003,O_judge,S_task,R_0_0,replicate,replicate,1013.6657293734092,1428.882724092716,0,0,True
helium_like_operator_schedule,4,20.036012806265003,O_judge,S_rubric,R_0_0,replicate,replicate,1013.6657293734092,1428.882724092716,0,0,True
helium_like_operator_schedule,4,20.036012806265003,O_judge,S_transcript_r1,R_0_0,inline,inline,1578.270925,1787.4061012500001,3956,3956,False
kvflow_like_future_eviction,0,0.0,O_debate_r0_a0,S_task,R_0_0,replicate,replicate,1428.882724092716,1278.7737706602654,4000,4000,False
kvflow_like_future_eviction,0,0.0,O_debate_r0_a0,S_document,R_0_0,replicate,replicate,999.9989690741902,999.9993298982237,4000,4000,False
kvflow_like_future_eviction,0,0.0,O_debate_r0_a0,S_rubric,R_0_0,replicate,replicate,1428.882724092716,1278.7737706602654,4000,4000,False
kvflow_like_future_eviction,0,0.0,O_debate_r0_a0,S_role_instruction,R_0_0,replicate,replicate,999.9989690741902,999.9993298982237,4000,4000,False
kvflow_like_future_eviction,0,0.0,O_debate_r0_a0,S_round_0_stance_0,R_0_0,inline,inline,365.56471875,393.36706718749997,1780,1780,False
kvflow_like_future_eviction,0,0.0,O_debate_r0_a1,S_task,R_0_15,replicate,replicate,1278.7737706602654,1181.2029509291724,0,0,True
kvflow_like_future_eviction,0,0.0,O_debate_r0_a1,S_document,R_0_15,replicate,replicate,999.9993298982237,999.9995644338454,0,0,True
kvflow_like_future_eviction,0,0.0,O_debate_r0_a1,S_rubric,R_0_15,replicate,replicate,1278.7737706602654,1181.2029509291724,0,0,True
kvflow_like_future_eviction,0,0.0,O_debate_r0_a1,S_role_instruction,R_0_15,replicate,replicate,999.9993298982237,999.9995644338454,0,0,True
kvflow_like_future_eviction,0,0.0,O_debate_r0_a1,S_round_0_stance_1,R_0_15,inline,inline,325.311525,350.05249125,1584,1584,False
kvflow_like_future_eviction,0,0.0,O_debate_r0_a2,S_task,R_15_0,replicate,replicate,1181.2029509291724,1117.7819181039622,0,0,True
kvflow_like_future_eviction,0,0.0,O_debate_r0_a2,S_document,R_15_0,replicate,replicate,999.9995644338454,999.9997168819996,0,0,True
kvflow_like_future_eviction,0,0.0,O_debate_r0_a2,S_rubric,R_15_0,replicate,replicate,1181.2029509291724,1117.7819181039622,0,0,True
kvflow_like_future_eviction,0,0.0,O_debate_r0_a2,S_role_instruction,R_15_0,replicate,replicate,999.9995644338454,999.9997168819996,0,0,True
kvflow_like_future_eviction,0,0.0,O_debate_r0_a2,S_round_0_stance_2,R_15_0,inline,inline,335.16945,360.6601425,1632,1632,False
kvflow_like_future_eviction,0,0.0,O_debate_r0_a3,S_task,R_15_15,replicate,replicate,1117.7819181039622,1076.5582467675754,0,0,True
kvflow_like_future_eviction,0,0.0,O_debate_r0_a3,S_document,R_15_15,replicate,replicate,999.9997168819996,999.9998159732997,0,0,True
kvflow_like_future_eviction,0,0.0,O_debate_r0_a3,S_rubric,R_15_15,replicate,replicate,1117.7819181039622,1076.5582467675754,0,0,True
kvflow_like_future_eviction,0,0.0,O_debate_r0_a3,S_role_instruction,R_15_15,replicate,replicate,999.9997168819996,999.9998159732997,0,0,True
kvflow_like_future_eviction,0,0.0,O_debate_r0_a3,S_round_0_stance_3,R_15_15,inline,inline,253.84156874999996,273.14701968749995,1236,1236,False
kvflow_like_future_eviction,1,8.94000320347375,O_transcript_r0,S_debate_r0_a0,R_0_0,inline,inline,136.69655999999998,147.092764,832,832,False
kvflow_like_future_eviction,1,8.94000320347375,O_transcript_r0,S_debate_r0_a1,R_0_0,inline,inline,187.30057499999998,201.54537374999998,1140,1140,False
kvflow_like_future_eviction,1,8.94000320347375,O_transcript_r0,S_debate_r0_a2,R_0_0,inline,inline,147.868875,159.11476875,900,900,False
kvflow_like_future_eviction,1,8.94000320347375,O_transcript_r0,S_debate_r0_a3,R_0_0,inline,inline,142.61131500000002,153.45735475000004,868,868,False
kvflow_like_future_eviction,2,9.090006404058126,O_debate_r1_a0,S_task,R_0_0,replicate,replicate,1076.5582467675754,1049.762860398924,0,0,True
kvflow_like_future_eviction,2,9.090006404058126,O_debate_r1_a0,S_document,R_0_0,replicate,replicate,999.9998159732997,999.9998803826448,0,0,True
kvflow_like_future_eviction,2,9.090006404058126,O_debate_r1_a0,S_rubric,R_0_0,replicate,replicate,1076.5582467675754,1049.762860398924,0,0,True
kvflow_like_future_eviction,2,9.090006404058126,O_debate_r1_a0,S_role_instruction,R_0_0,replicate,replicate,999.9998159732997,999.9998803826448,0,0,True
kvflow_like_future_eviction,2,9.090006404058126,O_debate_r1_a0,S_round_1_stance_0,R_0_0,inline,inline,314.63210625,338.5608690625,1532,1532,False
kvflow_like_future_eviction,2,9.090006404058126,O_debate_r1_a0,S_transcript_r0,R_0_0,replicate,replicate,934.0506522680874,934.3829239742569,3740,3740,False
kvflow_like_future_eviction,2,9.090006404058126,O_debate_r1_a1,S_task,R_0_15,replicate,replicate,1049.762860398924,1032.3458592593006,0,0,True
kvflow_like_future_eviction,2,9.090006404058126,O_debate_r1_a1,S_document,R_0_15,replicate,replicate,999.9998803826448,999.9999222487191,0,0,True
kvflow_like_future_eviction,2,9.090006404058126,O_debate_r1_a1,S_rubric,R_0_15,replicate,replicate,1049.762860398924,1032.3458592593006,0,0,True
kvflow_like_future_eviction,2,9.090006404058126,O_debate_r1_a1,S_role_instruction,R_0_15,replicate,replicate,999.9998803826448,999.9999222487191,0,0,True
kvflow_like_future_eviction,2,9.090006404058126,O_debate_r1_a1,S_round_1_stance_1,R_0_15,inline,inline,327.77600624999997,352.7044040625,1596,1596,False
kvflow_like_future_eviction,2,9.090006404058126,O_debate_r1_a1,S_transcript_r0,R_0_15,replicate,replicate,934.3829239742569,934.598900583267,0,0,True
kvflow_like_future_eviction,2,9.090006404058126,O_debate_r1_a2,S_task,R_15_0,replicate,replicate,1032.3458592593006,1021.0248085185455,0,0,True
kvflow_like_future_eviction,2,9.090006404058126,O_debate_r1_a2,S_document,R_15_0,replicate,replicate,999.9999222487191,999.9999494616675,0,0,True
kvflow_like_future_eviction,2,9.090006404058126,O_debate_r1_a2,S_rubric,R_15_0,replicate,replicate,1032.3458592593006,1021.0248085185455,0,0,True
kvflow_like_future_eviction,2,9.090006404058126,O_debate_r1_a2,S_role_instruction,R_15_0,replicate,replicate,999.9999222487191,999.9999494616675,0,0,True
kvflow_like_future_eviction,2,9.090006404058126,O_debate_r1_a2,S_round_1_stance_2,R_15_0,inline,inline,359.8142625,387.17927062499996,1752,1752,False
kvflow_like_future_eviction,2,9.090006404058126,O_debate_r1_a2,S_transcript_r0,R_15_0,replicate,replicate,934.598900583267,934.7392853791235,0,0,True
kvflow_like_future_eviction,2,9.090006404058126,O_debate_r1_a3,S_task,R_15_15,replicate,replicate,1021.0248085185455,1013.6661255370545,0,0,True
kvflow_like_future_eviction,2,9.090006404058126,O_debate_r1_a3,S_document,R_15_15,replicate,replicate,999.9999494616675,999.9999671500839,0,0,True
kvflow_like_future_eviction,2,9.090006404058126,O_debate_r1_a3,S_rubric,R_15_15,replicate,replicate,1021.0248085185455,1013.6661255370545,0,0,True
kvflow_like_future_eviction,2,9.090006404058126,O_debate_r1_a3,S_role_instruction,R_15_15,replicate,replicate,999.9999494616675,999.9999671500839,0,0,True
kvflow_like_future_eviction,2,9.090006404058126,O_debate_r1_a3,S_round_1_stance_3,R_15_15,inline,inline,317.91808124999994,342.0967528125,1548,1548,False
kvflow_like_future_eviction,2,9.090006404058126,O_debate_r1_a3,S_transcript_r0,R_15_15,replicate,replicate,934.7392853791235,934.8305354964303,0,0,True
kvflow_like_future_eviction,3,19.886009605646876,O_transcript_r1,S_debate_r1_a0,R_0_0,inline,inline,196.501305,211.44584825,1196,1196,False
kvflow_like_future_eviction,3,19.886009605646876,O_transcript_r1,S_debate_r1_a1,R_0_0,inline,inline,207.01642499999997,222.76067624999996,1260,1260,False
kvflow_like_future_eviction,3,19.886009605646876,O_transcript_r1,S_debate_r1_a2,R_0_0,inline,inline,124.209855,133.65640575,756,756,False
kvflow_like_future_eviction,3,19.886009605646876,O_transcript_r1,S_debate_r1_a3,R_0_0,inline,inline,122.23827,131.5348755,744,744,False
kvflow_like_future_eviction,4,20.036012806265003,O_judge,S_task,R_0_0,replicate,replicate,1013.6661255370545,1428.8829815990855,0,0,True
kvflow_like_future_eviction,4,20.036012806265003,O_judge,S_rubric,R_0_0,replicate,replicate,1013.6661255370545,1428.8829815990855,0,0,True
kvflow_like_future_eviction,4,20.036012806265003,O_judge,S_transcript_r1,R_0_0,inline,inline,1787.4061012500001,1923.3439658125,3956,3956,False
wafer_request_centric,0,0.0,O_debate_r0_a0,S_task,R_0_0,replicate,replicate,1428.8829815990855,1278.7739380394055,4000,14336000,False
wafer_request_centric,0,0.0,O_debate_r0_a0,S_document,R_0_0,replicate,replicate,999.9999671500839,999.9999786475545,4000,14336000,False
wafer_request_centric,0,0.0,O_debate_r0_a0,S_rubric,R_0_0,replicate,replicate,1428.8829815990855,1278.7739380394055,4000,14336000,False
wafer_request_centric,0,0.0,O_debate_r0_a0,S_role_instruction,R_0_0,replicate,replicate,999.9999671500839,999.9999786475545,4000,14336000,False
wafer_request_centric,0,0.0,O_debate_r0_a0,S_round_0_stance_0,R_0_0,inline,inline,393.36706718749997,411.43859367187497,1780,6379520,False
wafer_request_centric,0,0.0,O_debate_r0_a1,S_task,R_0_15,replicate,replicate,1278.7739380394055,1181.2030597256135,4000,15360000,False
wafer_request_centric,0,0.0,O_debate_r0_a1,S_document,R_0_15,replicate,replicate,999.9999786475545,999.9999861209104,4000,15360000,False
wafer_request_centric,0,0.0,O_debate_r0_a1,S_rubric,R_0_15,replicate,replicate,1278.7739380394055,1181.2030597256135,4000,15360000,False
wafer_request_centric,0,0.0,O_debate_r0_a1,S_role_instruction,R_0_15,replicate,replicate,999.9999786475545,999.9999861209104,4000,15360000,False
wafer_request_centric,0,0.0,O_debate_r0_a1,S_round_0_stance_1,R_0_15,inline,inline,350.05249125,366.1341193125,1584,6082560,False
wafer_request_centric,0,0.0,O_debate_r0_a2,S_task,R_15_0,replicate,replicate,1181.2030597256135,1117.7819888216486,4000,15360000,False
wafer_request_centric,0,0.0,O_debate_r0_a2,S_document,R_15_0,replicate,replicate,999.9999861209104,999.9999909785918,4000,15360000,False
wafer_request_centric,0,0.0,O_debate_r0_a2,S_rubric,R_15_0,replicate,replicate,1181.2030597256135,1117.7819888216486,4000,15360000,False
wafer_request_centric,0,0.0,O_debate_r0_a2,S_role_instruction,R_15_0,replicate,replicate,999.9999861209104,999.9999909785918,4000,15360000,False
wafer_request_centric,0,0.0,O_debate_r0_a2,S_round_0_stance_2,R_15_0,inline,inline,360.6601425,377.229092625,1632,6266880,False
wafer_request_centric,0,0.0,O_debate_r0_a3,S_task,R_15_15,replicate,replicate,1117.7819888216486,1076.5582927340715,4000,16384000,False
wafer_request_centric,0,0.0,O_debate_r0_a3,S_document,R_15_15,replicate,replicate,999.9999909785918,999.9999941360846,4000,16384000,False
wafer_request_centric,0,0.0,O_debate_r0_a3,S_rubric,R_15_15,replicate,replicate,1117.7819888216486,1076.5582927340715,4000,16384000,False
wafer_request_centric,0,0.0,O_debate_r0_a3,S_role_instruction,R_15_15,replicate,replicate,999.9999909785918,999.9999941360846,4000,16384000,False
wafer_request_centric,0,0.0,O_debate_r0_a3,S_round_0_stance_3,R_15_15,inline,inline,273.14701968749995,285.695562796875,1236,5062656,False
wafer_request_centric,1,8.940045317440001,O_transcript_r0,S_debate_r0_a0,R_0_0,inline,inline,147.092764,153.85029659999998,832,0,False
wafer_request_centric,1,8.940045317440001,O_transcript_r0,S_debate_r0_a1,R_0_0,inline,inline,201.54537374999998,210.80449293750002,1140,0,False
wafer_request_centric,1,8.940045317440001,O_transcript_r0,S_debate_r0_a2,R_0_0,inline,inline,159.11476875,166.4245996875,900,0,False
wafer_request_centric,1,8.940045317440001,O_transcript_r0,S_debate_r0_a3,R_0_0,inline,inline,153.45735475000004,160.50728058750002,868,0,False
wafer_request_centric,2,9.090045317440001,O_debate_r1_a0,S_task,R_0_0,replicate,replicate,1076.5582927340715,1049.7628902771467,0,14336000,True
wafer_request_centric,2,9.090045317440001,O_debate_r1_a0,S_document,R_0_0,replicate,replicate,999.9999941360846,999.999996188455,0,14336000,True
wafer_request_centric,2,9.090045317440001,O_debate_r1_a0,S_rubric,R_0_0,replicate,replicate,1076.5582927340715,1049.7628902771467,0,14336000,True
wafer_request_centric,2,9.090045317440001,O_debate_r1_a0,S_role_instruction,R_0_0,replicate,replicate,999.9999941360846,999.999996188455,0,14336000,True
wafer_request_centric,2,9.090045317440001,O_debate_r1_a0,S_round_1_stance_0,R_0_0,inline,inline,338.5608690625,354.114564890625,1532,5490688,False
wafer_request_centric,2,9.090045317440001,O_debate_r1_a0,S_transcript_r0,R_0_0,replicate,replicate,934.8305354964303,934.8898480726798,3740,13404160,False
wafer_request_centric,2,9.090045317440001,O_debate_r1_a1,S_task,R_0_15,replicate,replicate,1049.7628902771467,1032.3458786801452,0,15360000,True
wafer_request_centric,2,9.090045317440001,O_debate_r1_a1,S_document,R_0_15,replicate,replicate,999.999996188455,999.9999975224958,0,15360000,True
wafer_request_centric,2,9.090045317440001,O_debate_r1_a1,S_rubric,R_0_15,replicate,replicate,1049.7628902771467,1032.3458786801452,0,15360000,True
wafer_request_centric,2,9.090045317440001,O_debate_r1_a1,S_role_instruction,R_0_15,replicate,replicate,999.999996188455,999.9999975224958,0,15360000,True
wafer_request_centric,2,9.090045317440001,O_debate_r1_a1,S_round_1_stance_1,R_0_15,inline,inline,352.7044040625,368.90786264062496,1596,6128640,False
wafer_request_centric,2,9.090045317440001,O_debate_r1_a1,S_transcript_r0,R_0_15,replicate,replicate,934.8898480726798,934.9284012472419,3740,14361600,False
wafer_request_centric,2,9.090045317440001,O_debate_r1_a2,S_task,R_15_0,replicate,replicate,1032.3458786801452,1021.0248211420944,0,15360000,True
wafer_request_centric,2,9.090045317440001,O_debate_r1_a2,S_document,R_15_0,replicate,replicate,999.9999975224958,999.9999983896223,0,15360000,True
wafer_request_centric,2,9.090045317440001,O_debate_r1_a2,S_rubric,R_15_0,replicate,replicate,1032.3458786801452,1021.0248211420944,0,15360000,True
wafer_request_centric,2,9.090045317440001,O_debate_r1_a2,S_role_instruction,R_15_0,replicate,replicate,999.9999975224958,999.9999983896223,0,15360000,True
wafer_request_centric,2,9.090045317440001,O_debate_r1_a2,S_round_1_stance_2,R_15_0,inline,inline,387.17927062499996,404.96652590624996,1752,6727680,False
wafer_request_centric,2,9.090045317440001,O_debate_r1_a2,S_transcript_r0,R_15_0,replicate,replicate,934.9284012472419,934.9534608107073,3740,14361600,False
wafer_request_centric,2,9.090045317440001,O_debate_r1_a3,S_task,R_15_15,replicate,replicate,1021.0248211420944,1013.6661337423614,0,16384000,True
wafer_request_centric,2,9.090045317440001,O_debate_r1_a3,S_document,R_15_15,replicate,replicate,999.9999983896223,999.9999989532545,0,16384000,True
wafer_request_centric,2,9.090045317440001,O_debate_r1_a3,S_rubric,R_15_15,replicate,replicate,1021.0248211420944,1013.6661337423614,0,16384000,True
wafer_request_centric,2,9.090045317440001,O_debate_r1_a3,S_role_instruction,R_15_15,replicate,replicate,999.9999983896223,999.9999989532545,0,16384000,True
wafer_request_centric,2,9.090045317440001,O_debate_r1_a3,S_round_1_stance_3,R_15_15,inline,inline,342.0967528125,357.812889328125,1548,6340608,False
wafer_request_centric,2,9.090045317440001,O_debate_r1_a3,S_transcript_r0,R_15_15,replicate,replicate,934.9534608107073,934.9697495269597,3740,15319040,False
wafer_request_centric,3,19.886099750880003,O_transcript_r1,S_debate_r1_a0,R_0_0,inline,inline,211.44584825,221.15980136250002,1196,0,False
wafer_request_centric,3,19.886099750880003,O_transcript_r1,S_debate_r1_a1,R_0_0,inline,inline,222.76067624999996,232.99443956249996,1260,0,False
wafer_request_centric,3,19.886099750880003,O_transcript_r1,S_debate_r1_a2,R_0_0,inline,inline,133.65640575,139.7966637375,756,0,False
wafer_request_centric,3,19.886099750880003,O_transcript_r1,S_debate_r1_a3,R_0_0,inline,inline,131.5348755,137.57766907500002,744,0,False
wafer_request_centric,4,20.036099750880002,O_judge,S_task,R_0_0,replicate,replicate,1013.6661337423614,1428.882986932535,0,14336000,True
wafer_request_centric,4,20.036099750880002,O_judge,S_rubric,R_0_0,replicate,replicate,1013.6661337423614,1428.882986932535,0,14336000,True
wafer_request_centric,4,20.036099750880002,O_judge,S_transcript_r1,R_0_0,inline,inline,1923.3439658125,2011.703577778125,3956,0,False
replicate_all_hot_states,0,0.0,O_debate_r0_a0,S_task,R_0_0,replicate,replicate,1428.882986932535,1278.7739415061478,4000,0,False
replicate_all_hot_states,0,0.0,O_debate_r0_a0,S_document,R_0_0,replicate,replicate,999.9999989532545,999.9999993196154,4000,0,False
replicate_all_hot_states,0,0.0,O_debate_r0_a0,S_rubric,R_0_0,replicate,replicate,1428.882986932535,1278.7739415061478,4000,0,False
replicate_all_hot_states,0,0.0,O_debate_r0_a0,S_role_instruction,R_0_0,replicate,replicate,999.9999989532545,999.9999993196154,4000,0,False
replicate_all_hot_states,0,0.0,O_debate_r0_a0,S_round_0_stance_0,R_0_0,inline,inline,411.43859367187497,423.18508588671875,1780,6379520,False
replicate_all_hot_states,0,0.0,O_debate_r0_a1,S_task,R_0_15,replicate,replicate,1278.7739415061478,1181.2030619789962,0,0,True
replicate_all_hot_states,0,0.0,O_debate_r0_a1,S_document,R_0_15,replicate,replicate,999.9999993196154,999.99999955775,0,0,True
replicate_all_hot_states,0,0.0,O_debate_r0_a1,S_rubric,R_0_15,replicate,replicate,1278.7739415061478,1181.2030619789962,0,0,True
replicate_all_hot_states,0,0.0,O_debate_r0_a1,S_role_instruction,R_0_15,replicate,replicate,999.9999993196154,999.99999955775,0,0,True
replicate_all_hot_states,0,0.0,O_debate_r0_a1,S_round_0_stance_1,R_0_15,inline,inline,366.1341193125,376.587177553125,1584,6082560,False
replicate_all_hot_states,0,0.0,O_debate_r0_a2,S_task,R_15_0,replicate,replicate,1181.2030619789962,1117.7819902863475,0,0,True
replicate_all_hot_states,0,0.0,O_debate_r0_a2,S_document,R_15_0,replicate,replicate,999.99999955775,999.9999997125375,0,0,True
replicate_all_hot_states,0,0.0,O_debate_r0_a2,S_rubric,R_15_0,replicate,replicate,1181.2030619789962,1117.7819902863475,0,0,True
replicate_all_hot_states,0,0.0,O_debate_r0_a2,S_role_instruction,R_15_0,replicate,replicate,999.99999955775,999.9999997125375,0,0,True
replicate_all_hot_states,0,0.0,O_debate_r0_a2,S_round_0_stance_2,R_15_0,inline,inline,377.229092625,387.99891020625,1632,6266880,False
replicate_all_hot_states,0,0.0,O_debate_r0_a3,S_task,R_15_15,replicate,replicate,1117.7819902863475,1076.558293686126,0,0,True
replicate_all_hot_states,0,0.0,O_debate_r0_a3,S_document,R_15_15,replicate,replicate,999.9999997125375,999.9999998131494,0,0,True
replicate_all_hot_states,0,0.0,O_debate_r0_a3,S_rubric,R_15_15,replicate,replicate,1117.7819902863475,1076.558293686126,0,0,True
replicate_all_hot_states,0,0.0,O_debate_r0_a3,S_role_instruction,R_15_15,replicate,replicate,999.9999997125375,999.9999998131494,0,0,True
replicate_all_hot_states,0,0.0,O_debate_r0_a3,S_round_0_stance_3,R_15_15,inline,inline,285.695562796875,293.85211581796875,1236,5062656,False
replicate_all_hot_states,1,8.940006917440002,O_transcript_r0,S_debate_r0_a0,R_0_0,inline,inline,153.85029659999998,158.24269278999998,832,0,False
replicate_all_hot_states,1,8.940006917440002,O_transcript_r0,S_debate_r0_a1,R_0_0,inline,inline,210.80449293750002,216.822920409375,1140,0,False
replicate_all_hot_states,1,8.940006917440002,O_transcript_r0,S_debate_r0_a2,R_0_0,inline,inline,166.4245996875,171.175989796875,900,0,False
replicate_all_hot_states,1,8.940006917440002,O_transcript_r0,S_debate_r0_a3,R_0_0,inline,inline,160.50728058750002,165.08973238187502,868,0,False
replicate_all_hot_states,2,9.090006917440002,O_debate_r1_a0,S_task,R_0_0,replicate,replicate,1076.558293686126,1049.7628908959819,0,0,True
replicate_all_hot_states,2,9.090006917440002,O_debate_r1_a0,S_document,R_0_0,replicate,replicate,999.9999998131494,999.9999998785471,0,0,True
replicate_all_hot_states,2,9.090006917440002,O_debate_r1_a0,S_rubric,R_0_0,replicate,replicate,1076.558293686126,1049.7628908959819,0,0,True
replicate_all_hot_states,2,9.090006917440002,O_debate_r1_a0,S_role_instruction,R_0_0,replicate,replicate,999.9999998131494,999.9999998785471,0,0,True
replicate_all_hot_states,2,9.090006917440002,O_debate_r1_a0,S_round_1_stance_0,R_0_0,inline,inline,354.114564890625,364.22446717890625,1532,5490688,False
replicate_all_hot_states,2,9.090006917440002,O_debate_r1_a0,S_transcript_r0,R_0_0,replicate,replicate,934.9697495269597,934.9803371925238,3740,0,False
replicate_all_hot_states,2,9.090006917440002,O_debate_r1_a1,S_task,R_0_15,replicate,replicate,1049.7628908959819,1032.3458790823884,0,0,True
replicate_all_hot_states,2,9.090006917440002,O_debate_r1_a1,S_document,R_0_15,replicate,replicate,999.9999998785471,999.9999999210556,0,0,True
replicate_all_hot_states,2,9.090006917440002,O_debate_r1_a1,S_rubric,R_0_15,replicate,replicate,1049.7628908959819,1032.3458790823884,0,0,True
replicate_all_hot_states,2,9.090006917440002,O_debate_r1_a1,S_role_instruction,R_0_15,replicate,replicate,999.9999998785471,999.9999999210556,0,0,True
replicate_all_hot_states,2,9.090006917440002,O_debate_r1_a1,S_round_1_stance_1,R_0_15,inline,inline,368.90786264062496,379.4401107164062,1596,6128640,False
replicate_all_hot_states,2,9.090006917440002,O_debate_r1_a1,S_transcript_r0,R_0_15,replicate,replicate,934.9803371925238,934.9872191751405,0,0,True
replicate_all_hot_states,2,9.090006917440002,O_debate_r1_a2,S_task,R_15_0,replicate,replicate,1032.3458790823884,1021.0248214035524,0,0,True
replicate_all_hot_states,2,9.090006917440002,O_debate_r1_a2,S_document,R_15_0,replicate,replicate,999.9999999210556,999.9999999486862,0,0,True
replicate_all_hot_states,2,9.090006917440002,O_debate_r1_a2,S_rubric,R_15_0,replicate,replicate,1032.3458790823884,1021.0248214035524,0,0,True
replicate_all_hot_states,2,9.090006917440002,O_debate_r1_a2,S_role_instruction,R_15_0,replicate,replicate,999.9999999210556,999.9999999486862,0,0,True
replicate_all_hot_states,2,9.090006917440002,O_debate_r1_a2,S_round_1_stance_2,R_15_0,inline,inline,404.96652590624996,416.5282418390625,1752,6727680,False
replicate_all_hot_states,2,9.090006917440002,O_debate_r1_a2,S_transcript_r0,R_15_0,replicate,replicate,934.9872191751405,934.9916924638413,0,0,True
replicate_all_hot_states,2,9.090006917440002,O_debate_r1_a3,S_task,R_15_15,replicate,replicate,1021.0248214035524,1013.6661339123091,0,0,True
replicate_all_hot_states,2,9.090006917440002,O_debate_r1_a3,S_document,R_15_15,replicate,replicate,999.9999999486862,999.9999999666461,0,0,True
replicate_all_hot_states,2,9.090006917440002,O_debate_r1_a3,S_rubric,R_15_15,replicate,replicate,1021.0248214035524,1013.6661339123091,0,0,True
replicate_all_hot_states,2,9.090006917440002,O_debate_r1_a3,S_role_instruction,R_15_15,replicate,replicate,999.9999999486862,999.9999999666461,0,0,True
replicate_all_hot_states,2,9.090006917440002,O_debate_r1_a3,S_round_1_stance_3,R_15_15,inline,inline,357.812889328125,368.02837806328125,1548,6340608,False
replicate_all_hot_states,2,9.090006917440002,O_debate_r1_a3,S_transcript_r0,R_15_15,replicate,replicate,934.9916924638413,934.9946001014969,0,0,True
replicate_all_hot_states,3,19.88601397488,O_transcript_r1,S_debate_r1_a0,R_0_0,inline,inline,221.15980136250002,227.47387088562502,1196,0,False
replicate_all_hot_states,3,19.88601397488,O_transcript_r1,S_debate_r1_a1,R_0_0,inline,inline,232.99443956249996,239.64638571562497,1260,0,False
replicate_all_hot_states,3,19.88601397488,O_transcript_r1,S_debate_r1_a2,R_0_0,inline,inline,139.7966637375,143.78783142937502,756,0,False
replicate_all_hot_states,3,19.88601397488,O_transcript_r1,S_debate_r1_a3,R_0_0,inline,inline,137.57766907500002,141.50548489875,744,0,False
replicate_all_hot_states,4,20.03601397488,O_judge,S_task,R_0_0,replicate,replicate,1013.6661339123091,1428.8829870430009,0,0,True
replicate_all_hot_states,4,20.03601397488,O_judge,S_rubric,R_0_0,replicate,replicate,1013.6661339123091,1428.8829870430009,0,0,True
replicate_all_hot_states,4,20.03601397488,O_judge,S_transcript_r1,R_0_0,inline,inline,2011.703577778125,2069.137325555781,3956,0,False
single_pin_hot_state,0,0.0,O_debate_r0_a0,S_task,R_0_0,replicate,replicate,1428.8829870430009,1278.7739415779506,4000,14336000,False
single_pin_hot_state,0,0.0,O_debate_r0_a0,S_document,R_0_0,replicate,replicate,999.9999999666461,999.99999997832,4000,14336000,False
single_pin_hot_state,0,0.0,O_debate_r0_a0,S_rubric,R_0_0,replicate,replicate,1428.8829870430009,1278.7739415779506,4000,14336000,False
single_pin_hot_state,0,0.0,O_debate_r0_a0,S_role_instruction,R_0_0,replicate,replicate,999.9999999666461,999.99999997832,4000,14336000,False
single_pin_hot_state,0,0.0,O_debate_r0_a0,S_round_0_stance_0,R_0_0,inline,inline,423.18508588671875,430.8203058263672,1780,6379520,False
single_pin_hot_state,0,0.0,O_debate_r0_a1,S_task,R_0_15,replicate,replicate,1278.7739415779506,1181.2030620256678,0,15360000,True
single_pin_hot_state,0,0.0,O_debate_r0_a1,S_document,R_0_15,replicate,replicate,999.99999997832,999.9999999859081,0,15360000,True
single_pin_hot_state,0,0.0,O_debate_r0_a1,S_rubric,R_0_15,replicate,replicate,1278.7739415779506,1181.2030620256678,0,15360000,True
single_pin_hot_state,0,0.0,O_debate_r0_a1,S_role_instruction,R_0_15,replicate,replicate,999.99999997832,999.9999999859081,0,15360000,True
single_pin_hot_state,0,0.0,O_debate_r0_a1,S_round_0_stance_1,R_0_15,inline,inline,376.587177553125,383.38166540953125,1584,6082560,False
single_pin_hot_state,0,0.0,O_debate_r0_a2,S_task,R_15_0,replicate,replicate,1181.2030620256678,1117.7819903166842,0,15360000,True
single_pin_hot_state,0,0.0,O_debate_r0_a2,S_document,R_15_0,replicate,replicate,999.9999999859081,999.9999999908403,0,15360000,True
single_pin_hot_state,0,0.0,O_debate_r0_a2,S_rubric,R_15_0,replicate,replicate,1181.2030620256678,1117.7819903166842,0,15360000,True
single_pin_hot_state,0,0.0,O_debate_r0_a2,S_role_instruction,R_15_0,replicate,replicate,999.9999999859081,999.9999999908403,0,15360000,True
single_pin_hot_state,0,0.0,O_debate_r0_a2,S_round_0_stance_2,R_15_0,inline,inline,387.99891020625,394.9992916340625,1632,6266880,False
single_pin_hot_state,0,0.0,O_debate_r0_a3,S_task,R_15_15,replicate,replicate,1117.7819903166842,1076.5582937058448,0,16384000,True
single_pin_hot_state,0,0.0,O_debate_r0_a3,S_document,R_15_15,replicate,replicate,999.9999999908403,999.9999999940462,0,16384000,True
single_pin_hot_state,0,0.0,O_debate_r0_a3,S_rubric,R_15_15,replicate,replicate,1117.7819903166842,1076.5582937058448,0,16384000,True
single_pin_hot_state,0,0.0,O_debate_r0_a3,S_role_instruction,R_15_15,replicate,replicate,999.9999999908403,999.9999999940462,0,16384000,True
single_pin_hot_state,0,0.0,O_debate_r0_a3,S_round_0_stance_3,R_15_15,inline,inline,293.85211581796875,299.1538752816797,1236,5062656,False
single_pin_hot_state,1,8.940045317440001,O_transcript_r0,S_debate_r0_a0,R_0_0,inline,inline,158.24269278999998,161.0977503135,832,0,False
single_pin_hot_state,1,8.940045317440001,O_transcript_r0,S_debate_r0_a1,R_0_0,inline,inline,216.822920409375,220.73489826609375,1140,0,False
single_pin_hot_state,1,8.940045317440001,O_transcript_r0,S_debate_r0_a2,R_0_0,inline,inline,171.175989796875,174.26439336796875,900,0,False
single_pin_hot_state,1,8.940045317440001,O_transcript_r0,S_debate_r0_a3,R_0_0,inline,inline,165.08973238187502,168.06832604821878,868,0,False
single_pin_hot_state,2,9.090045317440001,O_debate_r1_a0,S_task,R_0_0,replicate,replicate,1076.5582937058448,1049.7628909087991,0,14336000,True
single_pin_hot_state,2,9.090045317440001,O_debate_r1_a0,S_document,R_0_0,replicate,replicate,999.9999999940462,999.9999999961301,0,14336000,True
single_pin_hot_state,2,9.090045317440001,O_debate_r1_a0,S_rubric,R_0_0,replicate,replicate,1076.5582937058448,1049.7628909087991,0,14336000,True
single_pin_hot_state,2,9.090045317440001,O_debate_r1_a0,S_role_instruction,R_0_0,replicate,replicate,999.9999999940462,999.9999999961301,0,14336000,True
single_pin_hot_state,2,9.090045317440001,O_debate_r1_a0,S_round_1_stance_0,R_0_0,inline,inline,364.22446717890625,370.79590366628906,1532,5490688,False
single_pin_hot_state,2,9.090045317440001,O_debate_r1_a0,S_transcript_r0,R_0_0,replicate,replicate,934.9946001014969,934.996490065973,3740,13404160,False
single_pin_hot_state,2,9.090045317440001,O_debate_r1_a1,S_task,R_0_15,replicate,replicate,1049.7628909087991,1032.3458790907193,0,15360000,True
single_pin_hot_state,2,9.090045317440001,O_debate_r1_a1,S_document,R_0_15,replicate,replicate,999.9999999961301,999.9999999974846,0,15360000,True
single_pin_hot_state,2,9.090045317440001,O_debate_r1_a1,S_rubric,R_0_15,replicate,replicate,1049.7628909087991,1032.3458790907193,0,15360000,True
single_pin_hot_state,2,9.090045317440001,O_debate_r1_a1,S_role_instruction,R_0_15,replicate,replicate,999.9999999961301,999.9999999974846,0,15360000,True
single_pin_hot_state,2,9.090045317440001,O_debate_r1_a1,S_round_1_stance_1,R_0_15,inline,inline,379.4401107164062,386.286071965664,1596,6128640,False
single_pin_hot_state,2,9.090045317440001,O_debate_r1_a1,S_transcript_r0,R_0_15,replicate,replicate,934.996490065973,934.9977185428825,0,14361600,True
single_pin_hot_state,2,9.090045317440001,O_debate_r1_a2,S_task,R_15_0,replicate,replicate,1032.3458790907193,1021.0248214089676,0,15360000,True
single_pin_hot_state,2,9.090045317440001,O_debate_r1_a2,S_document,R_15_0,replicate,replicate,999.9999999974846,999.999999998365,0,15360000,True
single_pin_hot_state,2,9.090045317440001,O_debate_r1_a2,S_rubric,R_15_0,replicate,replicate,1032.3458790907193,1021.0248214089676,0,15360000,True
single_pin_hot_state,2,9.090045317440001,O_debate_r1_a2,S_role_instruction,R_15_0,replicate,replicate,999.9999999974846,999.999999998365,0,15360000,True
single_pin_hot_state,2,9.090045317440001,O_debate_r1_a2,S_round_1_stance_2,R_15_0,inline,inline,416.5282418390625,424.0433571953906,1752,6727680,False
single_pin_hot_state,2,9.090045317440001,O_debate_r1_a2,S_transcript_r0,R_15_0,replicate,replicate,934.9977185428825,934.9985170528736,0,14361600,True
single_pin_hot_state,2,9.090045317440001,O_debate_r1_a3,S_task,R_15_15,replicate,replicate,1021.0248214089676,1013.6661339158289,0,16384000,True
single_pin_hot_state,2,9.090045317440001,O_debate_r1_a3,S_document,R_15_15,replicate,replicate,999.999999998365,999.9999999989373,0,16384000,True
single_pin_hot_state,2,9.090045317440001,O_debate_r1_a3,S_rubric,R_15_15,replicate,replicate,1021.0248214089676,1013.6661339158289,0,16384000,True
single_pin_hot_state,2,9.090045317440001,O_debate_r1_a3,S_role_instruction,R_15_15,replicate,replicate,999.999999998365,999.9999999989373,0,16384000,True
single_pin_hot_state,2,9.090045317440001,O_debate_r1_a3,S_round_1_stance_3,R_15_15,inline,inline,368.02837806328125,374.6684457411328,1548,6340608,False
single_pin_hot_state,2,9.090045317440001,O_debate_r1_a3,S_transcript_r0,R_15_15,replicate,replicate,934.9985170528736,934.9990360843678,0,15319040,True
single_pin_hot_state,3,19.886099750880003,O_transcript_r1,S_debate_r1_a0,R_0_0,inline,inline,227.47387088562502,231.57801607565628,1196,0,False
single_pin_hot_state,3,19.886099750880003,O_transcript_r1,S_debate_r1_a1,R_0_0,inline,inline,239.64638571562497,243.97015071515622,1260,0,False
single_pin_hot_state,3,19.886099750880003,O_transcript_r1,S_debate_r1_a2,R_0_0,inline,inline,143.78783142937502,146.38209042909375,756,0,False
single_pin_hot_state,3,19.886099750880003,O_transcript_r1,S_debate_r1_a3,R_0_0,inline,inline,141.50548489875,144.0585651841875,744,0,False
single_pin_hot_state,4,20.036099750880002,O_judge,S_task,R_0_0,replicate,replicate,1013.6661339158289,1428.8829870452887,0,14336000,True
single_pin_hot_state,4,20.036099750880002,O_judge,S_rubric,R_0_0,replicate,replicate,1013.6661339158289,1428.8829870452887,0,14336000,True
single_pin_hot_state,4,20.036099750880002,O_judge,S_transcript_r1,R_0_0,inline,inline,2069.137325555781,2106.469261611258,3956,0,False
WaferStateFlow,0,0.0,O_debate_r0_a0,S_task,R_0_0,replicate,replicate,1428.8829870452887,1278.7739415794376,4000,0,False
WaferStateFlow,0,0.0,O_debate_r0_a0,S_document,R_0_0,replicate,replicate,999.9999999989373,999.9999999993092,4000,0,False
WaferStateFlow,0,0.0,O_debate_r0_a0,S_rubric,R_0_0,replicate,replicate,1428.8829870452887,1278.7739415794376,4000,0,False
WaferStateFlow,0,0.0,O_debate_r0_a0,S_role_instruction,R_0_0,replicate,replicate,999.9999999989373,999.9999999993092,4000,0,False
WaferStateFlow,0,0.0,O_debate_r0_a0,S_round_0_stance_0,R_0_0,inline,inline,430.8203058263672,435.7831987871387,1780,6379520,False
WaferStateFlow,0,0.0,O_debate_r0_a1,S_task,R_0_15,replicate,replicate,1278.7739415794376,1181.2030620266346,0,0,True
WaferStateFlow,0,0.0,O_debate_r0_a1,S_document,R_0_15,replicate,replicate,999.9999999993092,999.999999999551,0,0,True
WaferStateFlow,0,0.0,O_debate_r0_a1,S_rubric,R_0_15,replicate,replicate,1278.7739415794376,1181.2030620266346,0,0,True
WaferStateFlow,0,0.0,O_debate_r0_a1,S_role_instruction,R_0_15,replicate,replicate,999.9999999993092,999.999999999551,0,0,True
WaferStateFlow,0,0.0,O_debate_r0_a1,S_round_0_stance_1,R_0_15,inline,inline,383.38166540953125,387.79808251619534,1584,6082560,False
WaferStateFlow,0,0.0,O_debate_r0_a2,S_task,R_15_0,replicate,replicate,1181.2030620266346,1117.7819903173126,0,0,True
WaferStateFlow,0,0.0,O_debate_r0_a2,S_document,R_15_0,replicate,replicate,999.999999999551,999.9999999997082,0,0,True
WaferStateFlow,0,0.0,O_debate_r0_a2,S_rubric,R_15_0,replicate,replicate,1181.2030620266346,1117.7819903173126,0,0,True
WaferStateFlow,0,0.0,O_debate_r0_a2,S_role_instruction,R_15_0,replicate,replicate,999.999999999551,999.9999999997082,0,0,True
WaferStateFlow,0,0.0,O_debate_r0_a2,S_round_0_stance_2,R_15_0,inline,inline,394.9992916340625,399.5495395621406,1632,6266880,False
WaferStateFlow,0,0.0,O_debate_r0_a3,S_task,R_15_15,replicate,replicate,1117.7819903173126,1076.5582937062532,0,0,True
WaferStateFlow,0,0.0,O_debate_r0_a3,S_document,R_15_15,replicate,replicate,999.9999999997082,999.9999999998104,0,0,True
WaferStateFlow,0,0.0,O_debate_r0_a3,S_rubric,R_15_15,replicate,replicate,1117.7819903173126,1076.5582937062532,0,0,True
WaferStateFlow,0,0.0,O_debate_r0_a3,S_role_instruction,R_15_15,replicate,replicate,999.9999999997082,999.9999999998104,0,0,True
WaferStateFlow,0,0.0,O_debate_r0_a3,S_round_0_stance_3,R_15_15,inline,inline,299.1538752816797,302.6000189330918,1236,5062656,False
WaferStateFlow,1,8.940006917440002,O_transcript_r0,S_debate_r0_a0,R_0_0,inline,inline,161.0977503135,162.953537703775,832,0,False
WaferStateFlow,1,8.940006917440002,O_transcript_r0,S_debate_r0_a1,R_0_0,inline,inline,220.73489826609375,223.27768387296095,1140,0,False
WaferStateFlow,1,8.940006917440002,O_transcript_r0,S_debate_r0_a2,R_0_0,inline,inline,174.26439336796875,176.2718556891797,900,0,False
WaferStateFlow,1,8.940006917440002,O_transcript_r0,S_debate_r0_a3,R_0_0,inline,inline,168.06832604821878,170.00441193134222,868,0,False
WaferStateFlow,2,9.090006917440002,O_debate_r1_a0,S_task,R_0_0,replicate,replicate,1076.5582937062532,1049.7628909090645,0,0,True
WaferStateFlow,2,9.090006917440002,O_debate_r1_a0,S_document,R_0_0,replicate,replicate,999.9999999998104,999.9999999998768,0,0,True
WaferStateFlow,2,9.090006917440002,O_debate_r1_a0,S_rubric,R_0_0,replicate,replicate,1076.5582937062532,1049.7628909090645,0,0,True
WaferStateFlow,2,9.090006917440002,O_debate_r1_a0,S_role_instruction,R_0_0,replicate,replicate,999.9999999998104,999.9999999998768,0,0,True
WaferStateFlow,2,9.090006917440002,O_debate_r1_a0,S_round_1_stance_0,R_0_0,inline,inline,370.79590366628906,375.0673373830879,1532,5490688,False
WaferStateFlow,2,9.090006917440002,O_debate_r1_a0,S_transcript_r0,R_0_0,replicate,replicate,934.9990360843678,934.9993734548391,3740,0,False
WaferStateFlow,2,9.090006917440002,O_debate_r1_a1,S_task,R_0_15,replicate,replicate,1049.7628909090645,1032.345879090892,0,0,True
WaferStateFlow,2,9.090006917440002,O_debate_r1_a1,S_document,R_0_15,replicate,replicate,999.9999999998768,999.99999999992,0,0,True
WaferStateFlow,2,9.090006917440002,O_debate_r1_a1,S_rubric,R_0_15,replicate,replicate,1049.7628909090645,1032.345879090892,0,0,True
WaferStateFlow,2,9.090006917440002,O_debate_r1_a1,S_role_instruction,R_0_15,replicate,replicate,999.9999999998768,999.99999999992,0,0,True
WaferStateFlow,2,9.090006917440002,O_debate_r1_a1,S_round_1_stance_1,R_0_15,inline,inline,386.286071965664,390.7359467776816,1596,6128640,False
WaferStateFlow,2,9.090006917440002,O_debate_r1_a1,S_transcript_r0,R_0_15,replicate,replicate,934.9993734548391,934.9995927456454,0,0,True
WaferStateFlow,2,9.090006917440002,O_debate_r1_a2,S_task,R_15_0,replicate,replicate,1032.345879090892,1021.0248214090798,0,0,True
WaferStateFlow,2,9.090006917440002,O_debate_r1_a2,S_document,R_15_0,replicate,replicate,999.99999999992,999.999999999948,0,0,True
WaferStateFlow,2,9.090006917440002,O_debate_r1_a2,S_rubric,R_15_0,replicate,replicate,1032.345879090892,1021.0248214090798,0,0,True
WaferStateFlow,2,9.090006917440002,O_debate_r1_a2,S_role_instruction,R_15_0,replicate,replicate,999.99999999992,999.999999999948,0,0,True
WaferStateFlow,2,9.090006917440002,O_debate_r1_a2,S_round_1_stance_2,R_15_0,inline,inline,424.0433571953906,428.9281821770039,1752,6727680,False
WaferStateFlow,2,9.090006917440002,O_debate_r1_a2,S_transcript_r0,R_15_0,replicate,replicate,934.9995927456454,934.9997352846696,0,0,True
WaferStateFlow,2,9.090006917440002,O_debate_r1_a3,S_task,R_15_15,replicate,replicate,1021.0248214090798,1013.6661339159019,0,0,True
WaferStateFlow,2,9.090006917440002,O_debate_r1_a3,S_document,R_15_15,replicate,replicate,999.999999999948,999.9999999999662,0,0,True
WaferStateFlow,2,9.090006917440002,O_debate_r1_a3,S_rubric,R_15_15,replicate,replicate,1021.0248214090798,1013.6661339159019,0,0,True
WaferStateFlow,2,9.090006917440002,O_debate_r1_a3,S_role_instruction,R_15_15,replicate,replicate,999.999999999948,999.9999999999662,0,0,True
WaferStateFlow,2,9.090006917440002,O_debate_r1_a3,S_round_1_stance_3,R_15_15,inline,inline,374.6684457411328,378.9844897317363,1548,6340608,False
WaferStateFlow,2,9.090006917440002,O_debate_r1_a3,S_transcript_r0,R_15_15,replicate,replicate,934.9997352846696,934.9998279350352,0,0,True
WaferStateFlow,3,19.88601397488,O_transcript_r1,S_debate_r1_a0,R_0_0,inline,inline,231.57801607565628,234.24571044917658,1196,0,False
WaferStateFlow,3,19.88601397488,O_transcript_r1,S_debate_r1_a1,R_0_0,inline,inline,243.97015071515622,246.78059796485155,1260,0,False
WaferStateFlow,3,19.88601397488,O_transcript_r1,S_debate_r1_a2,R_0_0,inline,inline,146.38209042909375,148.06835877891095,756,0,False
WaferStateFlow,3,19.88601397488,O_transcript_r1,S_debate_r1_a3,R_0_0,inline,inline,144.0585651841875,145.7180673697219,744,0,False
WaferStateFlow,4,20.03601397488,O_judge,S_task,R_0_0,replicate,replicate,1013.6661339159019,1428.8829870453362,0,0,True
WaferStateFlow,4,20.03601397488,O_judge,S_rubric,R_0_0,replicate,replicate,1013.6661339159019,1428.8829870453362,0,0,True
WaferStateFlow,4,20.03601397488,O_judge,S_transcript_r1,R_0_0,inline,inline,2106.469261611258,2130.7350200473174,3956,0,False
