workflow,scheduler,policy,wave_id,op_id,mode,start_time,finish_time,duration,resource_units,frontier_width,dependency_ready_time,resource_wait,critical_path_operator,criticality,prefill_cost,decode_cost,local_tool_cost
mapreduce,fixed_worker_pool,fixed_worker_pool,0,O_expert_1,fixed,0.0,8.501999999999999,8.501999999999999,1,4,0.0,0.0,True,1.0,6.792,1.71,0.0
mapreduce,fixed_worker_pool,fixed_worker_pool,0,O_expert_2,fixed,0.0,8.166,8.166,1,4,0.0,0.0,False,1.0,6.816,1.35,0.0
mapreduce,fixed_worker_pool,fixed_worker_pool,0,O_expert_0,fixed,0.0,8.138,8.138,1,4,0.0,0.0,False,1.0,6.890000000000001,1.248,0.0
mapreduce,fixed_worker_pool,fixed_worker_pool,0,O_expert_3,fixed,0.0,7.92,7.92,1,4,0.0,0.0,False,1.0,6.618,1.302,0.0
mapreduce,fixed_worker_pool,fixed_worker_pool,1,O_summarizer,fixed,8.501999999999999,15.878,7.376,1,1,8.501999999999999,0.0,True,2.0,5.87,1.506,0.0
mapreduce,static_full_resource,static_full_resource,0,O_expert_1,parallel,0.0,8.501999999999999,8.501999999999999,1,4,0.0,0.0,True,1.0,6.792,1.71,0.0
mapreduce,static_full_resource,static_full_resource,0,O_expert_2,parallel,0.0,8.166,8.166,1,4,0.0,0.0,False,1.0,6.816,1.35,0.0
mapreduce,static_full_resource,static_full_resource,0,O_expert_0,parallel,0.0,8.138,8.138,1,4,0.0,0.0,False,1.0,6.890000000000001,1.248,0.0
mapreduce,static_full_resource,static_full_resource,0,O_expert_3,parallel,0.0,7.92,7.92,1,4,0.0,0.0,False,1.0,6.618,1.302,0.0
mapreduce,static_full_resource,static_full_resource,1,O_summarizer,parallel,8.501999999999999,15.878,7.376,1,1,8.501999999999999,0.0,True,2.0,5.87,1.506,0.0
mapreduce,always_parallel,always_parallel,0,O_expert_1,parallel,0.0,8.501999999999999,8.501999999999999,1,4,0.0,0.0,True,1.0,6.792,1.71,0.0
mapreduce,always_parallel,always_parallel,0,O_expert_2,parallel,0.0,8.166,8.166,1,4,0.0,0.0,False,1.0,6.816,1.35,0.0
mapreduce,always_parallel,always_parallel,0,O_expert_0,parallel,0.0,8.138,8.138,1,4,0.0,0.0,False,1.0,6.890000000000001,1.248,0.0
mapreduce,always_parallel,always_parallel,0,O_expert_3,parallel,0.0,7.92,7.92,1,4,0.0,0.0,False,1.0,6.618,1.302,0.0
mapreduce,always_parallel,always_parallel,1,O_summarizer,parallel,8.501999999999999,15.878,7.376,1,1,8.501999999999999,0.0,True,2.0,5.87,1.506,0.0
mapreduce,always_consolidated,always_consolidated,0,O_expert_1,consolidated,0.0,2.709078613367091,2.709078613367091,8,4,0.0,0.0,True,1.0,6.792,1.71,0.0
mapreduce,always_consolidated,always_consolidated,1,O_expert_2,consolidated,2.709078613367091,5.311094134039365,2.6020155206722735,8,3,0.0,2.709078613367091,False,1.0,6.816,1.35,0.0
mapreduce,always_consolidated,always_consolidated,2,O_expert_0,consolidated,5.311094134039365,7.904187730320404,2.593093596281039,8,2,0.0,5.311094134039365,False,1.0,6.890000000000001,1.248,0.0
mapreduce,always_consolidated,always_consolidated,3,O_expert_3,consolidated,7.904187730320404,10.427817772412542,2.523630042092139,8,1,0.0,7.904187730320404,False,1.0,6.618,1.302,0.0
mapreduce,always_consolidated,always_consolidated,4,O_summarizer,consolidated,10.427817772412542,12.778107569189261,2.3502897967767193,8,1,10.427817772412542,0.0,True,2.0,5.87,1.506,0.0
mapreduce,static_split_resource,static_split_resource,0,O_expert_1,split_consolidated,0.0,3.966323247022968,3.966323247022968,4,4,0.0,0.0,True,1.0,6.792,1.71,0.0
mapreduce,static_split_resource,static_split_resource,0,O_expert_2,split_parallel,0.0,8.166,8.166,1,4,0.0,0.0,False,1.0,6.816,1.35,0.0
mapreduce,static_split_resource,static_split_resource,0,O_expert_0,split_parallel,0.0,8.138,8.138,1,4,0.0,0.0,False,1.0,6.890000000000001,1.248,0.0
mapreduce,static_split_resource,static_split_resource,0,O_expert_3,split_parallel,0.0,7.92,7.92,1,4,0.0,0.0,False,1.0,6.618,1.302,0.0
mapreduce,static_split_resource,static_split_resource,1,O_summarizer,split_consolidated,8.166,11.607025672787746,3.441025672787746,4,1,8.166,0.0,True,2.0,5.87,1.506,0.0
mapreduce,frontier_aware_morphing,frontier_aware_morphing,0,O_expert_1,parallel,0.0,8.501999999999999,8.501999999999999,1,4,0.0,0.0,True,1.0,6.792,1.71,0.0
mapreduce,frontier_aware_morphing,frontier_aware_morphing,0,O_expert_2,parallel,0.0,8.166,8.166,1,4,0.0,0.0,False,1.0,6.816,1.35,0.0
mapreduce,frontier_aware_morphing,frontier_aware_morphing,0,O_expert_0,parallel,0.0,8.138,8.138,1,4,0.0,0.0,False,1.0,6.890000000000001,1.248,0.0
mapreduce,frontier_aware_morphing,frontier_aware_morphing,0,O_expert_3,parallel,0.0,7.92,7.92,1,4,0.0,0.0,False,1.0,6.618,1.302,0.0
mapreduce,frontier_aware_morphing,frontier_aware_morphing,1,O_summarizer,consolidated_fast_lane,8.501999999999999,10.852289796776718,2.3502897967767193,8,1,8.501999999999999,0.0,True,2.0,5.87,1.506,0.0
debate,fixed_worker_pool,fixed_worker_pool,0,O_debate_r0_a1,fixed,0.0,10.501999999999999,10.501999999999999,1,4,0.0,0.0,True,1.0,8.792,1.71,0.0
debate,fixed_worker_pool,fixed_worker_pool,0,O_debate_r0_a2,fixed,0.0,10.166,10.166,1,4,0.0,0.0,False,1.0,8.816,1.35,0.0
debate,fixed_worker_pool,fixed_worker_pool,0,O_debate_r0_a0,fixed,0.0,10.138,10.138,1,4,0.0,0.0,False,1.0,8.89,1.248,0.0
debate,fixed_worker_pool,fixed_worker_pool,0,O_debate_r0_a3,fixed,0.0,9.92,9.92,1,4,0.0,0.0,False,1.0,8.618,1.302,0.0
debate,fixed_worker_pool,fixed_worker_pool,1,O_transcript_r0,fixed,10.501999999999999,11.0695,0.5675,1,1,10.501999999999999,0.0,True,0.8,0.0,0.0,0.5675
debate,fixed_worker_pool,fixed_worker_pool,2,O_debate_r1_a1,fixed,11.0695,23.6275,12.558000000000002,1,4,11.0695,0.0,True,1.0,10.668000000000001,1.8900000000000001,0.0
debate,fixed_worker_pool,fixed_worker_pool,2,O_debate_r1_a0,fixed,11.0695,23.4995,12.430000000000001,1,4,11.0695,0.0,False,1.0,10.636000000000001,1.794,0.0
debate,fixed_worker_pool,fixed_worker_pool,2,O_debate_r1_a2,fixed,11.0695,22.9495,11.88,1,4,11.0695,0.0,False,1.0,10.746,1.1340000000000001,0.0
debate,fixed_worker_pool,fixed_worker_pool,2,O_debate_r1_a3,fixed,11.0695,22.8295,11.76,1,4,11.0695,0.0,False,1.0,10.644,1.116,0.0
debate,fixed_worker_pool,fixed_worker_pool,3,O_transcript_r1,fixed,23.6275,24.222,0.5945,1,1,23.6275,0.0,True,0.8,0.0,0.0,0.5945
debate,fixed_worker_pool,fixed_worker_pool,4,O_judge,fixed,24.222,31.85,7.628,1,1,24.222,0.0,True,2.2,5.978,1.6500000000000001,0.0
debate,static_full_resource,static_full_resource,0,O_debate_r0_a1,parallel,0.0,10.501999999999999,10.501999999999999,1,4,0.0,0.0,True,1.0,8.792,1.71,0.0
debate,static_full_resource,static_full_resource,0,O_debate_r0_a2,parallel,0.0,10.166,10.166,1,4,0.0,0.0,False,1.0,8.816,1.35,0.0
debate,static_full_resource,static_full_resource,0,O_debate_r0_a0,parallel,0.0,10.138,10.138,1,4,0.0,0.0,False,1.0,8.89,1.248,0.0
debate,static_full_resource,static_full_resource,0,O_debate_r0_a3,parallel,0.0,9.92,9.92,1,4,0.0,0.0,False,1.0,8.618,1.302,0.0
debate,static_full_resource,static_full_resource,1,O_transcript_r0,parallel,10.501999999999999,11.0695,0.5675,1,1,10.501999999999999,0.0,True,0.8,0.0,0.0,0.5675
debate,static_full_resource,static_full_resource,2,O_debate_r1_a1,parallel,11.0695,23.6275,12.558000000000002,1,4,11.0695,0.0,True,1.0,10.668000000000001,1.8900000000000001,0.0
debate,static_full_resource,static_full_resource,2,O_debate_r1_a0,parallel,11.0695,23.4995,12.430000000000001,1,4,11.0695,0.0,False,1.0,10.636000000000001,1.794,0.0
debate,static_full_resource,static_full_resource,2,O_debate_r1_a2,parallel,11.0695,22.9495,11.88,1,4,11.0695,0.0,False,1.0,10.746,1.1340000000000001,0.0
debate,static_full_resource,static_full_resource,2,O_debate_r1_a3,parallel,11.0695,22.8295,11.76,1,4,11.0695,0.0,False,1.0,10.644,1.116,0.0
debate,static_full_resource,static_full_resource,3,O_transcript_r1,parallel,23.6275,24.222,0.5945,1,1,23.6275,0.0,True,0.8,0.0,0.0,0.5945
debate,static_full_resource,static_full_resource,4,O_judge,parallel,24.222,31.85,7.628,1,1,24.222,0.0,True,2.2,5.978,1.6500000000000001,0.0
debate,always_parallel,always_parallel,0,O_debate_r0_a1,parallel,0.0,10.501999999999999,10.501999999999999,1,4,0.0,0.0,True,1.0,8.792,1.71,0.0
debate,always_parallel,always_parallel,0,O_debate_r0_a2,parallel,0.0,10.166,10.166,1,4,0.0,0.0,False,1.0,8.816,1.35,0.0
debate,always_parallel,always_parallel,0,O_debate_r0_a0,parallel,0.0,10.138,10.138,1,4,0.0,0.0,False,1.0,8.89,1.248,0.0
debate,always_parallel,always_parallel,0,O_debate_r0_a3,parallel,0.0,9.92,9.92,1,4,0.0,0.0,False,1.0,8.618,1.302,0.0
debate,always_parallel,always_parallel,1,O_transcript_r0,parallel,10.501999999999999,11.0695,0.5675,1,1,10.501999999999999,0.0,True,0.8,0.0,0.0,0.5675
debate,always_parallel,always_parallel,2,O_debate_r1_a1,parallel,11.0695,23.6275,12.558000000000002,1,4,11.0695,0.0,True,1.0,10.668000000000001,1.8900000000000001,0.0
debate,always_parallel,always_parallel,2,O_debate_r1_a0,parallel,11.0695,23.4995,12.430000000000001,1,4,11.0695,0.0,False,1.0,10.636000000000001,1.794,0.0
debate,always_parallel,always_parallel,2,O_debate_r1_a2,parallel,11.0695,22.9495,11.88,1,4,11.0695,0.0,False,1.0,10.746,1.1340000000000001,0.0
debate,always_parallel,always_parallel,2,O_debate_r1_a3,parallel,11.0695,22.8295,11.76,1,4,11.0695,0.0,False,1.0,10.644,1.116,0.0
debate,always_parallel,always_parallel,3,O_transcript_r1,parallel,23.6275,24.222,0.5945,1,1,23.6275,0.0,True,0.8,0.0,0.0,0.5945
debate,always_parallel,always_parallel,4,O_judge,parallel,24.222,31.85,7.628,1,1,24.222,0.0,True,2.2,5.978,1.6500000000000001,0.0
debate,always_consolidated,always_consolidated,0,O_debate_r0_a1,consolidated,0.0,3.3463589270267224,3.3463589270267224,8,4,0.0,0.0,True,1.0,8.792,1.71,0.0
debate,always_consolidated,always_consolidated,1,O_debate_r0_a2,consolidated,3.3463589270267224,6.585654761358628,3.2392958343319047,8,3,0.0,3.3463589270267224,False,1.0,8.816,1.35,0.0
debate,always_consolidated,always_consolidated,2,O_debate_r0_a0,consolidated,6.585654761358628,9.816028671299296,3.2303739099406696,8,2,0.0,6.585654761358628,False,1.0,8.89,1.248,0.0
debate,always_consolidated,always_consolidated,3,O_debate_r0_a3,consolidated,9.816028671299296,12.976939027051067,3.16091035575177,8,1,0.0,9.816028671299296,False,1.0,8.618,1.302,0.0
debate,always_consolidated,always_consolidated,4,O_transcript_r0,consolidated,12.976939027051067,13.157767316051988,0.18082828900092032,8,1,12.976939027051067,0.0,True,0.8,0.0,0.0,0.5675
debate,always_consolidated,always_consolidated,5,O_debate_r1_a1,consolidated,13.157767316051988,17.15925040552081,4.001483089468824,8,4,13.157767316051988,0.0,True,1.0,10.668000000000001,1.8900000000000001,0.0
debate,always_consolidated,always_consolidated,6,O_debate_r1_a0,consolidated,17.15925040552081,21.11994755491542,3.9606971493946075,8,3,13.157767316051988,4.001483089468824,False,1.0,10.636000000000001,1.794,0.0
debate,always_consolidated,always_consolidated,7,O_debate_r1_a2,consolidated,21.11994755491542,24.90539261805363,3.7854450631382086,8,2,13.157767316051988,7.962180238863432,False,1.0,10.746,1.1340000000000001,0.0
debate,always_consolidated,always_consolidated,8,O_debate_r1_a3,consolidated,24.90539261805363,28.65260086237226,3.7472082443186303,8,1,13.157767316051988,11.74762530200164,False,1.0,10.644,1.116,0.0
debate,always_consolidated,always_consolidated,9,O_transcript_r1,consolidated,28.65260086237226,28.842032435607585,0.18943157323532533,8,1,28.65260086237226,0.0,True,0.8,0.0,0.0,0.5945
debate,always_consolidated,always_consolidated,10,O_judge,consolidated,28.842032435607585,31.272619551905418,2.4305871162978328,8,1,28.842032435607585,0.0,True,2.2,5.978,1.6500000000000001,0.0
debate,static_split_resource,static_split_resource,0,O_debate_r0_a1,split_consolidated,0.0,4.8993562385597755,4.8993562385597755,4,4,0.0,0.0,True,1.0,8.792,1.71,0.0
debate,static_split_resource,static_split_resource,0,O_debate_r0_a2,split_parallel,0.0,10.166,10.166,1,4,0.0,0.0,False,1.0,8.816,1.35,0.0
debate,static_split_resource,static_split_resource,0,O_debate_r0_a0,split_parallel,0.0,10.138,10.138,1,4,0.0,0.0,False,1.0,8.89,1.248,0.0
debate,static_split_resource,static_split_resource,0,O_debate_r0_a3,split_parallel,0.0,9.92,9.92,1,4,0.0,0.0,False,1.0,8.618,1.302,0.0
debate,static_split_resource,static_split_resource,1,O_transcript_r0,split_consolidated,10.166,10.430748111348569,0.2647481113485691,4,1,10.166,0.0,True,0.8,0.0,0.0,0.5675
debate,static_split_resource,static_split_resource,2,O_debate_r1_a1,split_consolidated,10.430748111348569,16.289262265208183,5.858514153859614,4,4,10.430748111348569,0.0,True,1.0,10.668000000000001,1.8900000000000001,0.0
debate,static_split_resource,static_split_resource,2,O_debate_r1_a0,split_parallel,10.430748111348569,22.86074811134857,12.430000000000001,1,4,10.430748111348569,0.0,False,1.0,10.636000000000001,1.794,0.0
debate,static_split_resource,static_split_resource,2,O_debate_r1_a2,split_parallel,10.430748111348569,22.31074811134857,11.88,1,4,10.430748111348569,0.0,False,1.0,10.746,1.1340000000000001,0.0
debate,static_split_resource,static_split_resource,2,O_debate_r1_a3,split_parallel,10.430748111348569,22.19074811134857,11.76,1,4,10.430748111348569,0.0,False,1.0,10.644,1.116,0.0
debate,static_split_resource,static_split_resource,3,O_transcript_r1,split_consolidated,22.86074811134857,23.138092168082885,0.277344056734316,4,1,22.86074811134857,0.0,True,0.8,0.0,0.0,0.5945
debate,static_split_resource,static_split_resource,4,O_judge,split_consolidated,23.138092168082885,26.696679997804267,3.5585878297213838,4,1,23.138092168082885,0.0,True,2.2,5.978,1.6500000000000001,0.0
debate,frontier_aware_morphing,frontier_aware_morphing,0,O_debate_r0_a1,parallel,0.0,10.501999999999999,10.501999999999999,1,4,0.0,0.0,True,1.0,8.792,1.71,0.0
debate,frontier_aware_morphing,frontier_aware_morphing,0,O_debate_r0_a2,parallel,0.0,10.166,10.166,1,4,0.0,0.0,False,1.0,8.816,1.35,0.0
debate,frontier_aware_morphing,frontier_aware_morphing,0,O_debate_r0_a0,parallel,0.0,10.138,10.138,1,4,0.0,0.0,False,1.0,8.89,1.248,0.0
debate,frontier_aware_morphing,frontier_aware_morphing,0,O_debate_r0_a3,parallel,0.0,9.92,9.92,1,4,0.0,0.0,False,1.0,8.618,1.302,0.0
debate,frontier_aware_morphing,frontier_aware_morphing,1,O_transcript_r0,consolidated_fast_lane,10.501999999999999,10.68282828900092,0.18082828900092032,8,1,10.501999999999999,0.0,True,0.8,0.0,0.0,0.5675
debate,frontier_aware_morphing,frontier_aware_morphing,2,O_debate_r1_a1,parallel,10.68282828900092,23.240828289000923,12.558000000000002,1,4,10.68282828900092,0.0,True,1.0,10.668000000000001,1.8900000000000001,0.0
debate,frontier_aware_morphing,frontier_aware_morphing,2,O_debate_r1_a0,parallel,10.68282828900092,23.112828289000923,12.430000000000001,1,4,10.68282828900092,0.0,False,1.0,10.636000000000001,1.794,0.0
debate,frontier_aware_morphing,frontier_aware_morphing,2,O_debate_r1_a2,parallel,10.68282828900092,22.56282828900092,11.88,1,4,10.68282828900092,0.0,False,1.0,10.746,1.1340000000000001,0.0
debate,frontier_aware_morphing,frontier_aware_morphing,2,O_debate_r1_a3,parallel,10.68282828900092,22.44282828900092,11.76,1,4,10.68282828900092,0.0,False,1.0,10.644,1.116,0.0
debate,frontier_aware_morphing,frontier_aware_morphing,3,O_transcript_r1,consolidated_fast_lane,23.240828289000923,23.430259862236248,0.18943157323532533,8,1,23.240828289000923,0.0,True,0.8,0.0,0.0,0.5945
debate,frontier_aware_morphing,frontier_aware_morphing,4,O_judge,consolidated_fast_lane,23.430259862236248,25.86084697853408,2.4305871162978328,8,1,23.430259862236248,0.0,True,2.2,5.978,1.6500000000000001,0.0
reflection,fixed_worker_pool,fixed_worker_pool,0,O_expert_draft,fixed,0.0,7.506,7.506,1,1,0.0,0.0,True,1.6,6.0,1.506,0.0
reflection,fixed_worker_pool,fixed_worker_pool,1,O_critic_2,fixed,7.506,14.584,7.077999999999999,1,3,7.506,0.0,True,1.0,5.404,1.674,0.0
reflection,fixed_worker_pool,fixed_worker_pool,1,O_critic_1,fixed,7.506,14.228000000000002,6.722,1,3,7.506,0.0,False,1.0,5.2940000000000005,1.428,0.0
reflection,fixed_worker_pool,fixed_worker_pool,1,O_critic_0,fixed,7.506,14.02,6.514,1,3,7.506,0.0,False,1.0,5.2,1.314,0.0
reflection,fixed_worker_pool,fixed_worker_pool,2,O_revise,fixed,14.584,21.938,7.354,1,1,14.584,0.0,True,2.0,5.974,1.3800000000000001,0.0
reflection,static_full_resource,static_full_resource,0,O_expert_draft,parallel,0.0,7.506,7.506,1,1,0.0,0.0,True,1.6,6.0,1.506,0.0
reflection,static_full_resource,static_full_resource,1,O_critic_2,parallel,7.506,14.584,7.077999999999999,1,3,7.506,0.0,True,1.0,5.404,1.674,0.0
reflection,static_full_resource,static_full_resource,1,O_critic_1,parallel,7.506,14.228000000000002,6.722,1,3,7.506,0.0,False,1.0,5.2940000000000005,1.428,0.0
reflection,static_full_resource,static_full_resource,1,O_critic_0,parallel,7.506,14.02,6.514,1,3,7.506,0.0,False,1.0,5.2,1.314,0.0
reflection,static_full_resource,static_full_resource,2,O_revise,parallel,14.584,21.938,7.354,1,1,14.584,0.0,True,2.0,5.974,1.3800000000000001,0.0
reflection,always_parallel,always_parallel,0,O_expert_draft,parallel,0.0,7.506,7.506,1,1,0.0,0.0,True,1.6,6.0,1.506,0.0
reflection,always_parallel,always_parallel,1,O_critic_2,parallel,7.506,14.584,7.077999999999999,1,3,7.506,0.0,True,1.0,5.404,1.674,0.0
reflection,always_parallel,always_parallel,1,O_critic_1,parallel,7.506,14.228000000000002,6.722,1,3,7.506,0.0,False,1.0,5.2940000000000005,1.428,0.0
reflection,always_parallel,always_parallel,1,O_critic_0,parallel,7.506,14.02,6.514,1,3,7.506,0.0,False,1.0,5.2,1.314,0.0
reflection,always_parallel,always_parallel,2,O_revise,parallel,14.584,21.938,7.354,1,1,14.584,0.0,True,2.0,5.974,1.3800000000000001,0.0
reflection,always_consolidated,always_consolidated,0,O_expert_draft,consolidated,0.0,2.3917130171645953,2.3917130171645953,8,1,0.0,0.0,True,1.6,6.0,1.506,0.0
reflection,always_consolidated,always_consolidated,1,O_critic_2,consolidated,2.3917130171645953,4.647048047206029,2.255335030041434,8,3,2.3917130171645953,0.0,True,1.0,5.404,1.674,0.0
reflection,always_consolidated,always_consolidated,2,O_critic_1,consolidated,4.647048047206029,6.788947181416049,2.14189913421002,8,2,2.3917130171645953,2.255335030041434,False,1.0,5.2940000000000005,1.428,0.0
reflection,always_consolidated,always_consolidated,3,O_critic_0,consolidated,6.788947181416049,8.864569163005466,2.0756219815894186,8,1,2.3917130171645953,4.397234164251453,False,1.0,5.2,1.314,0.0
reflection,always_consolidated,always_consolidated,4,O_revise,consolidated,8.864569163005466,11.20784887633193,2.3432797133264636,8,1,8.864569163005466,0.0,True,2.0,5.974,1.3800000000000001,0.0
reflection,static_split_resource,static_split_resource,0,O_expert_draft,split_consolidated,0.0,3.5016728172376386,3.5016728172376386,4,1,0.0,0.0,True,1.6,6.0,1.506,0.0
reflection,static_split_resource,static_split_resource,1,O_critic_2,split_consolidated,3.5016728172376386,6.8036765742864,3.3020037570487615,4,3,3.5016728172376386,0.0,True,1.0,5.404,1.674,0.0
reflection,static_split_resource,static_split_resource,1,O_critic_1,split_parallel,3.5016728172376386,10.223672817237638,6.722,1,3,3.5016728172376386,0.0,False,1.0,5.2940000000000005,1.428,0.0
reflection,static_split_resource,static_split_resource,1,O_critic_0,split_parallel,3.5016728172376386,10.01567281723764,6.514,1,3,3.5016728172376386,0.0,False,1.0,5.2,1.314,0.0
reflection,static_split_resource,static_split_resource,2,O_revise,split_consolidated,10.223672817237638,13.654435127118479,3.430762309880841,4,1,10.223672817237638,0.0,True,2.0,5.974,1.3800000000000001,0.0
reflection,frontier_aware_morphing,frontier_aware_morphing,0,O_expert_draft,consolidated_fast_lane,0.0,2.3917130171645953,2.3917130171645953,8,1,0.0,0.0,True,1.6,6.0,1.506,0.0
reflection,frontier_aware_morphing,frontier_aware_morphing,1,O_critic_2,parallel,2.3917130171645953,9.469713017164594,7.077999999999999,1,3,2.3917130171645953,0.0,True,1.0,5.404,1.674,0.0
reflection,frontier_aware_morphing,frontier_aware_morphing,1,O_critic_1,parallel,2.3917130171645953,9.113713017164596,6.722,1,3,2.3917130171645953,0.0,False,1.0,5.2940000000000005,1.428,0.0
reflection,frontier_aware_morphing,frontier_aware_morphing,1,O_critic_0,parallel,2.3917130171645953,8.905713017164596,6.514,1,3,2.3917130171645953,0.0,False,1.0,5.2,1.314,0.0
reflection,frontier_aware_morphing,frontier_aware_morphing,2,O_revise,consolidated_fast_lane,9.469713017164594,11.812992730491057,2.3432797133264636,8,1,9.469713017164594,0.0,True,2.0,5.974,1.3800000000000001,0.0
iterative,fixed_worker_pool,fixed_worker_pool,0,O_refine_0,fixed,0.0,11.027999999999999,11.027999999999999,1,1,0.0,0.0,True,1.0,9.78,1.248,0.0
iterative,fixed_worker_pool,fixed_worker_pool,1,O_refine_1,fixed,11.027999999999999,22.74,11.712,1,1,11.027999999999999,0.0,True,1.1,10.002,1.71,0.0
iterative,fixed_worker_pool,fixed_worker_pool,2,O_refine_2,fixed,22.74,34.294,11.554,1,1,22.74,0.0,True,1.2,10.204,1.35,0.0
iterative,fixed_worker_pool,fixed_worker_pool,3,O_refine_3,fixed,34.294,45.282,10.988,1,1,34.294,0.0,True,1.3,9.686,1.302,0.0
iterative,fixed_worker_pool,fixed_worker_pool,4,O_refine_4,fixed,45.282,57.044,11.762,1,1,45.282,0.0,True,1.4,9.968,1.794,0.0
iterative,fixed_worker_pool,fixed_worker_pool,5,O_refine_5,fixed,57.044,69.13,12.086,1,1,57.044,0.0,True,1.5,10.196,1.8900000000000001,0.0
iterative,fixed_worker_pool,fixed_worker_pool,6,O_refine_6,fixed,69.13,80.646,11.516,1,1,69.13,0.0,True,1.6,10.382,1.1340000000000001,0.0
iterative,fixed_worker_pool,fixed_worker_pool,7,O_refine_7,fixed,80.646,91.688,11.042,1,1,80.646,0.0,True,1.7000000000000002,9.926,1.116,0.0
iterative,static_full_resource,static_full_resource,0,O_refine_0,parallel,0.0,11.027999999999999,11.027999999999999,1,1,0.0,0.0,True,1.0,9.78,1.248,0.0
iterative,static_full_resource,static_full_resource,1,O_refine_1,parallel,11.027999999999999,22.74,11.712,1,1,11.027999999999999,0.0,True,1.1,10.002,1.71,0.0
iterative,static_full_resource,static_full_resource,2,O_refine_2,parallel,22.74,34.294,11.554,1,1,22.74,0.0,True,1.2,10.204,1.35,0.0
iterative,static_full_resource,static_full_resource,3,O_refine_3,parallel,34.294,45.282,10.988,1,1,34.294,0.0,True,1.3,9.686,1.302,0.0
iterative,static_full_resource,static_full_resource,4,O_refine_4,parallel,45.282,57.044,11.762,1,1,45.282,0.0,True,1.4,9.968,1.794,0.0
iterative,static_full_resource,static_full_resource,5,O_refine_5,parallel,57.044,69.13,12.086,1,1,57.044,0.0,True,1.5,10.196,1.8900000000000001,0.0
iterative,static_full_resource,static_full_resource,6,O_refine_6,parallel,69.13,80.646,11.516,1,1,69.13,0.0,True,1.6,10.382,1.1340000000000001,0.0
iterative,static_full_resource,static_full_resource,7,O_refine_7,parallel,80.646,91.688,11.042,1,1,80.646,0.0,True,1.7000000000000002,9.926,1.116,0.0
iterative,always_parallel,always_parallel,0,O_refine_0,parallel,0.0,11.027999999999999,11.027999999999999,1,1,0.0,0.0,True,1.0,9.78,1.248,0.0
iterative,always_parallel,always_parallel,1,O_refine_1,parallel,11.027999999999999,22.74,11.712,1,1,11.027999999999999,0.0,True,1.1,10.002,1.71,0.0
iterative,always_parallel,always_parallel,2,O_refine_2,parallel,22.74,34.294,11.554,1,1,22.74,0.0,True,1.2,10.204,1.35,0.0
iterative,always_parallel,always_parallel,3,O_refine_3,parallel,34.294,45.282,10.988,1,1,34.294,0.0,True,1.3,9.686,1.302,0.0
iterative,always_parallel,always_parallel,4,O_refine_4,parallel,45.282,57.044,11.762,1,1,45.282,0.0,True,1.4,9.968,1.794,0.0
iterative,always_parallel,always_parallel,5,O_refine_5,parallel,57.044,69.13,12.086,1,1,57.044,0.0,True,1.5,10.196,1.8900000000000001,0.0
iterative,always_parallel,always_parallel,6,O_refine_6,parallel,69.13,80.646,11.516,1,1,69.13,0.0,True,1.6,10.382,1.1340000000000001,0.0
iterative,always_parallel,always_parallel,7,O_refine_7,parallel,80.646,91.688,11.042,1,1,80.646,0.0,True,1.7000000000000002,9.926,1.116,0.0
iterative,always_consolidated,always_consolidated,0,O_refine_0,consolidated,0.0,3.513963649519205,3.513963649519205,8,1,0.0,0.0,True,1.0,9.78,1.248,0.0
iterative,always_consolidated,always_consolidated,1,O_refine_1,consolidated,3.513963649519205,7.245877166310004,3.7319135167907995,8,1,3.513963649519205,0.0,True,1.1,10.002,1.71,0.0
iterative,always_consolidated,always_consolidated,2,O_refine_2,consolidated,7.245877166310004,10.927445538321692,3.6815683720116885,8,1,7.245877166310004,0.0,True,1.2,10.204,1.35,0.0
iterative,always_consolidated,always_consolidated,3,O_refine_3,consolidated,10.927445538321692,14.428663581567704,3.5012180432460127,8,1,10.927445538321692,0.0,True,1.3,9.686,1.302,0.0
iterative,always_consolidated,always_consolidated,4,O_refine_4,consolidated,14.428663581567704,18.176509106199994,3.7478455246322904,8,1,14.428663581567704,0.0,True,1.4,9.968,1.794,0.0
iterative,always_consolidated,always_consolidated,5,O_refine_5,consolidated,18.176509106199994,22.027594041645145,3.8510849354451504,8,1,18.176509106199994,0.0,True,1.5,10.196,1.8900000000000001,0.0
iterative,always_consolidated,always_consolidated,6,O_refine_6,consolidated,22.027594041645145,25.6970540876973,3.6694600460521554,8,1,22.027594041645145,0.0,True,1.6,10.382,1.1340000000000001,0.0
iterative,always_consolidated,always_consolidated,7,O_refine_7,consolidated,25.6970540876973,29.215478699412124,3.518424611714823,8,1,25.6970540876973,0.0,True,1.7000000000000002,9.926,1.116,0.0
iterative,static_split_resource,static_split_resource,0,O_refine_0,split_consolidated,0.0,5.144743915333955,5.144743915333955,4,1,0.0,0.0,True,1.0,9.78,1.248,0.0
iterative,static_split_resource,static_split_resource,1,O_refine_1,split_consolidated,5.144743915333955,10.6085851137735,5.463841198439544,4,1,5.144743915333955,0.0,True,1.1,10.002,1.71,0.0
iterative,static_split_resource,static_split_resource,2,O_refine_2,split_consolidated,10.6085851137735,15.998716705881638,5.390131592108137,4,1,10.6085851137735,0.0,True,1.2,10.204,1.35,0.0
iterative,static_split_resource,static_split_resource,3,O_refine_3,split_consolidated,15.998716705881638,21.12479996138486,5.12608325550322,4,1,15.998716705881638,0.0,True,1.3,9.686,1.302,0.0
iterative,static_split_resource,static_split_resource,4,O_refine_4,split_consolidated,21.12479996138486,26.611966984612824,5.487167023227965,4,1,21.12479996138486,0.0,True,1.4,9.968,1.794,0.0
iterative,static_split_resource,static_split_resource,5,O_refine_5,split_consolidated,26.611966984612824,32.25028535246975,5.638318367856928,4,1,26.611966984612824,0.0,True,1.5,10.196,1.8900000000000001,0.0
iterative,static_split_resource,static_split_resource,6,O_refine_6,split_consolidated,32.25028535246975,37.62268931773869,5.372403965268937,4,1,32.25028535246975,0.0,True,1.6,10.382,1.1340000000000001,0.0
iterative,static_split_resource,static_split_resource,7,O_refine_7,split_consolidated,37.62268931773869,42.7739644640134,5.151275146274714,4,1,37.62268931773869,0.0,True,1.7000000000000002,9.926,1.116,0.0
iterative,frontier_aware_morphing,fallback_fixed_worker_pool,0,O_refine_0,fixed,0.0,11.027999999999999,11.027999999999999,1,1,0.0,0.0,True,1.0,9.78,1.248,0.0
iterative,frontier_aware_morphing,fallback_fixed_worker_pool,1,O_refine_1,fixed,11.027999999999999,22.74,11.712,1,1,11.027999999999999,0.0,True,1.1,10.002,1.71,0.0
iterative,frontier_aware_morphing,fallback_fixed_worker_pool,2,O_refine_2,fixed,22.74,34.294,11.554,1,1,22.74,0.0,True,1.2,10.204,1.35,0.0
iterative,frontier_aware_morphing,fallback_fixed_worker_pool,3,O_refine_3,fixed,34.294,45.282,10.988,1,1,34.294,0.0,True,1.3,9.686,1.302,0.0
iterative,frontier_aware_morphing,fallback_fixed_worker_pool,4,O_refine_4,fixed,45.282,57.044,11.762,1,1,45.282,0.0,True,1.4,9.968,1.794,0.0
iterative,frontier_aware_morphing,fallback_fixed_worker_pool,5,O_refine_5,fixed,57.044,69.13,12.086,1,1,57.044,0.0,True,1.5,10.196,1.8900000000000001,0.0
iterative,frontier_aware_morphing,fallback_fixed_worker_pool,6,O_refine_6,fixed,69.13,80.646,11.516,1,1,69.13,0.0,True,1.6,10.382,1.1340000000000001,0.0
iterative,frontier_aware_morphing,fallback_fixed_worker_pool,7,O_refine_7,fixed,80.646,91.688,11.042,1,1,80.646,0.0,True,1.7000000000000002,9.926,1.116,0.0
parallel_chains,fixed_worker_pool,fixed_worker_pool,0,O_chain_3_0,fixed,0.0,8.574,8.574,1,4,0.0,0.0,True,1.0,6.75,1.824,0.0
parallel_chains,fixed_worker_pool,fixed_worker_pool,0,O_chain_2_0,fixed,0.0,8.274000000000001,8.274000000000001,1,4,0.0,0.0,False,1.0,6.894,1.3800000000000001,0.0
parallel_chains,fixed_worker_pool,fixed_worker_pool,0,O_chain_1_0,fixed,0.0,8.219999999999999,8.219999999999999,1,4,0.0,0.0,False,1.0,6.792,1.428,0.0
parallel_chains,fixed_worker_pool,fixed_worker_pool,0,O_chain_0_0,fixed,0.0,8.138,8.138,1,4,0.0,0.0,False,1.0,6.890000000000001,1.248,0.0
parallel_chains,fixed_worker_pool,fixed_worker_pool,1,O_chain_0_1,fixed,8.138,16.758000000000003,8.620000000000001,1,1,8.138,0.0,False,1.15,7.306,1.314,0.0
parallel_chains,fixed_worker_pool,fixed_worker_pool,2,O_chain_1_1,fixed,8.219999999999999,17.18,8.959999999999999,1,1,8.219999999999999,0.0,False,1.15,7.268,1.692,0.0
parallel_chains,fixed_worker_pool,fixed_worker_pool,3,O_chain_2_1,fixed,8.274000000000001,17.026000000000003,8.752,1,1,8.274000000000001,0.0,False,1.15,7.354,1.3980000000000001,0.0
parallel_chains,fixed_worker_pool,fixed_worker_pool,4,O_chain_3_1,fixed,8.574,17.396,8.822000000000001,1,1,8.574,0.0,True,1.15,7.3580000000000005,1.464,0.0
parallel_chains,fixed_worker_pool,fixed_worker_pool,5,O_writer,fixed,17.396,24.798000000000002,7.402,1,1,17.396,0.0,True,2.0,5.956,1.446,0.0
parallel_chains,static_full_resource,static_full_resource,0,O_chain_3_0,parallel,0.0,8.574,8.574,1,4,0.0,0.0,True,1.0,6.75,1.824,0.0
parallel_chains,static_full_resource,static_full_resource,0,O_chain_2_0,parallel,0.0,8.274000000000001,8.274000000000001,1,4,0.0,0.0,False,1.0,6.894,1.3800000000000001,0.0
parallel_chains,static_full_resource,static_full_resource,0,O_chain_1_0,parallel,0.0,8.219999999999999,8.219999999999999,1,4,0.0,0.0,False,1.0,6.792,1.428,0.0
parallel_chains,static_full_resource,static_full_resource,0,O_chain_0_0,parallel,0.0,8.138,8.138,1,4,0.0,0.0,False,1.0,6.890000000000001,1.248,0.0
parallel_chains,static_full_resource,static_full_resource,1,O_chain_0_1,parallel,8.138,16.758000000000003,8.620000000000001,1,1,8.138,0.0,False,1.15,7.306,1.314,0.0
parallel_chains,static_full_resource,static_full_resource,2,O_chain_1_1,parallel,8.219999999999999,17.18,8.959999999999999,1,1,8.219999999999999,0.0,False,1.15,7.268,1.692,0.0
parallel_chains,static_full_resource,static_full_resource,3,O_chain_2_1,parallel,8.274000000000001,17.026000000000003,8.752,1,1,8.274000000000001,0.0,False,1.15,7.354,1.3980000000000001,0.0
parallel_chains,static_full_resource,static_full_resource,4,O_chain_3_1,parallel,8.574,17.396,8.822000000000001,1,1,8.574,0.0,True,1.15,7.3580000000000005,1.464,0.0
parallel_chains,static_full_resource,static_full_resource,5,O_writer,parallel,17.396,24.798000000000002,7.402,1,1,17.396,0.0,True,2.0,5.956,1.446,0.0
parallel_chains,always_parallel,always_parallel,0,O_chain_3_0,parallel,0.0,8.574,8.574,1,4,0.0,0.0,True,1.0,6.75,1.824,0.0
parallel_chains,always_parallel,always_parallel,0,O_chain_2_0,parallel,0.0,8.274000000000001,8.274000000000001,1,4,0.0,0.0,False,1.0,6.894,1.3800000000000001,0.0
parallel_chains,always_parallel,always_parallel,0,O_chain_1_0,parallel,0.0,8.219999999999999,8.219999999999999,1,4,0.0,0.0,False,1.0,6.792,1.428,0.0
parallel_chains,always_parallel,always_parallel,0,O_chain_0_0,parallel,0.0,8.138,8.138,1,4,0.0,0.0,False,1.0,6.890000000000001,1.248,0.0
parallel_chains,always_parallel,always_parallel,1,O_chain_0_1,parallel,8.138,16.758000000000003,8.620000000000001,1,1,8.138,0.0,False,1.15,7.306,1.314,0.0
parallel_chains,always_parallel,always_parallel,2,O_chain_1_1,parallel,8.219999999999999,17.18,8.959999999999999,1,1,8.219999999999999,0.0,False,1.15,7.268,1.692,0.0
parallel_chains,always_parallel,always_parallel,3,O_chain_2_1,parallel,8.274000000000001,17.026000000000003,8.752,1,1,8.274000000000001,0.0,False,1.15,7.354,1.3980000000000001,0.0
parallel_chains,always_parallel,always_parallel,4,O_chain_3_1,parallel,8.574,17.396,8.822000000000001,1,1,8.574,0.0,True,1.15,7.3580000000000005,1.464,0.0
parallel_chains,always_parallel,always_parallel,5,O_writer,parallel,17.396,24.798000000000002,7.402,1,1,17.396,0.0,True,2.0,5.956,1.446,0.0
parallel_chains,always_consolidated,always_consolidated,0,O_chain_3_0,consolidated,0.0,2.7320207046588383,2.7320207046588383,8,4,0.0,0.0,True,1.0,6.75,1.824,0.0
parallel_chains,always_consolidated,always_consolidated,1,O_chain_3_1,consolidated,2.7320207046588383,5.543064168211471,2.811043463552633,8,4,2.7320207046588383,0.0,True,1.15,7.3580000000000005,1.464,0.0
parallel_chains,always_consolidated,always_consolidated,2,O_chain_2_0,consolidated,5.543064168211471,8.179492825821365,2.636428657609894,8,3,0.0,5.543064168211471,False,1.0,6.894,1.3800000000000001,0.0
parallel_chains,always_consolidated,always_consolidated,3,O_chain_2_1,consolidated,8.179492825821365,10.96823147839591,2.788738652574546,8,3,8.179492825821365,0.0,False,1.15,7.354,1.3980000000000001,0.0
parallel_chains,always_consolidated,always_consolidated,4,O_chain_1_0,consolidated,10.96823147839591,13.587453567536993,2.619222089141083,8,2,0.0,10.96823147839591,False,1.0,6.792,1.428,0.0
parallel_chains,always_consolidated,always_consolidated,5,O_chain_1_1,consolidated,13.587453567536993,16.44246937273214,2.855015805195147,8,2,13.587453567536993,0.0,False,1.15,7.268,1.692,0.0
parallel_chains,always_consolidated,always_consolidated,6,O_chain_0_0,consolidated,16.44246937273214,19.03556296901318,2.593093596281039,8,1,0.0,16.44246937273214,False,1.0,6.890000000000001,1.248,0.0
parallel_chains,always_consolidated,always_consolidated,7,O_chain_0_1,consolidated,19.03556296901318,21.78224112088619,2.7466781518730103,8,1,19.03556296901318,0.0,False,1.15,7.306,1.314,0.0
parallel_chains,always_consolidated,always_consolidated,8,O_writer,consolidated,21.78224112088619,24.140815561740485,2.3585744408542944,8,1,21.78224112088619,0.0,True,2.0,5.956,1.446,0.0
parallel_chains,static_split_resource,static_split_resource,0,O_chain_3_0,split_consolidated,0.0,3.9999124347182935,3.9999124347182935,4,4,0.0,0.0,True,1.0,6.75,1.824,0.0
parallel_chains,static_split_resource,static_split_resource,0,O_chain_2_0,split_parallel,0.0,8.274000000000001,8.274000000000001,1,4,0.0,0.0,False,1.0,6.894,1.3800000000000001,0.0
parallel_chains,static_split_resource,static_split_resource,0,O_chain_1_0,split_parallel,0.0,8.219999999999999,8.219999999999999,1,4,0.0,0.0,False,1.0,6.792,1.428,0.0
parallel_chains,static_split_resource,static_split_resource,0,O_chain_0_0,split_parallel,0.0,8.138,8.138,1,4,0.0,0.0,False,1.0,6.890000000000001,1.248,0.0
parallel_chains,static_split_resource,static_split_resource,1,O_chain_3_1,split_consolidated,3.9999124347182935,8.115520960387151,4.115608525668858,4,1,3.9999124347182935,0.0,True,1.15,7.3580000000000005,1.464,0.0
parallel_chains,static_split_resource,static_split_resource,2,O_chain_0_1,split_consolidated,8.138,12.159372193523641,4.02137219352364,4,1,8.138,0.0,False,1.15,7.306,1.314,0.0
parallel_chains,static_split_resource,static_split_resource,3,O_chain_1_1,split_parallel,8.219999999999999,17.18,8.959999999999999,1,1,8.219999999999999,0.0,False,1.15,7.268,1.692,0.0
parallel_chains,static_split_resource,static_split_resource,4,O_chain_2_1,split_parallel,8.274000000000001,17.026000000000003,8.752,1,1,8.274000000000001,0.0,False,1.15,7.354,1.3980000000000001,0.0
parallel_chains,static_split_resource,static_split_resource,5,O_writer,split_consolidated,17.18,20.633155101677723,3.453155101677724,4,1,17.18,0.0,True,2.0,5.956,1.446,0.0
parallel_chains,frontier_aware_morphing,frontier_aware_morphing,0,O_chain_3_0,parallel,0.0,8.574,8.574,1,4,0.0,0.0,True,1.0,6.75,1.824,0.0
parallel_chains,frontier_aware_morphing,frontier_aware_morphing,0,O_chain_2_0,parallel,0.0,8.274000000000001,8.274000000000001,1,4,0.0,0.0,False,1.0,6.894,1.3800000000000001,0.0
parallel_chains,frontier_aware_morphing,frontier_aware_morphing,0,O_chain_1_0,parallel,0.0,8.219999999999999,8.219999999999999,1,4,0.0,0.0,False,1.0,6.792,1.428,0.0
parallel_chains,frontier_aware_morphing,frontier_aware_morphing,0,O_chain_0_0,parallel,0.0,8.138,8.138,1,4,0.0,0.0,False,1.0,6.890000000000001,1.248,0.0
parallel_chains,frontier_aware_morphing,frontier_aware_morphing,1,O_chain_0_1,fixed,8.138,16.758000000000003,8.620000000000001,1,1,8.138,0.0,False,1.15,7.306,1.314,0.0
parallel_chains,frontier_aware_morphing,frontier_aware_morphing,2,O_chain_1_1,fixed,8.219999999999999,17.18,8.959999999999999,1,1,8.219999999999999,0.0,False,1.15,7.268,1.692,0.0
parallel_chains,frontier_aware_morphing,frontier_aware_morphing,3,O_chain_2_1,fixed,8.274000000000001,17.026000000000003,8.752,1,1,8.274000000000001,0.0,False,1.15,7.354,1.3980000000000001,0.0
parallel_chains,frontier_aware_morphing,frontier_aware_morphing,4,O_chain_3_1,fixed,8.574,17.396,8.822000000000001,1,1,8.574,0.0,True,1.15,7.3580000000000005,1.464,0.0
parallel_chains,frontier_aware_morphing,frontier_aware_morphing,5,O_writer,consolidated_fast_lane,17.396,19.754574440854295,2.3585744408542944,8,1,17.396,0.0,True,2.0,5.956,1.446,0.0
trading,fixed_worker_pool,fixed_worker_pool,0,O_researcher_1,fixed,0.0,7.112,7.112,1,16,0.0,0.0,True,1.0,5.618,1.494,0.0
trading,fixed_worker_pool,fixed_worker_pool,0,O_analyst_3,fixed,0.0,7.35,7.35,1,16,0.0,0.0,False,1.1,5.652,1.698,0.0
trading,fixed_worker_pool,fixed_worker_pool,0,O_analyst_5,fixed,0.0,7.146000000000001,7.146000000000001,1,16,0.0,0.0,False,1.1,5.772,1.374,0.0
trading,fixed_worker_pool,fixed_worker_pool,0,O_analyst_1,fixed,0.0,6.968,6.968,1,16,0.0,0.0,False,1.1,5.618,1.35,0.0
trading,fixed_worker_pool,fixed_worker_pool,0,O_analyst_0,fixed,0.0,6.938000000000001,6.938000000000001,1,16,0.0,0.0,False,1.1,5.69,1.248,0.0
trading,fixed_worker_pool,fixed_worker_pool,0,O_analyst_4,fixed,0.0,6.9,6.9,1,16,0.0,0.0,False,1.1,5.58,1.32,0.0
trading,fixed_worker_pool,fixed_worker_pool,0,O_analyst_6,fixed,0.0,6.852,6.852,1,16,0.0,0.0,False,1.1,5.376,1.476,0.0
trading,fixed_worker_pool,fixed_worker_pool,0,O_analyst_7,fixed,0.0,6.836,6.836,1,16,0.0,0.0,False,1.1,5.57,1.266,0.0
trading,fixed_worker_pool,fixed_worker_pool,1,O_analyst_2,fixed,6.836,13.646,6.8100000000000005,1,8,0.0,6.836,False,1.1,5.676,1.1340000000000001,0.0
trading,fixed_worker_pool,fixed_worker_pool,2,O_researcher_2,fixed,6.852,14.244,7.392,1,7,0.0,6.852,False,1.0,5.676,1.716,0.0
trading,fixed_worker_pool,fixed_worker_pool,3,O_researcher_4,fixed,6.9,14.184000000000001,7.284,1,6,0.0,6.9,False,1.0,5.58,1.704,0.0
trading,fixed_worker_pool,fixed_worker_pool,4,O_researcher_5,fixed,6.938000000000001,14.15,7.212,1,5,0.0,6.938000000000001,False,1.0,5.772,1.44,0.0
trading,fixed_worker_pool,fixed_worker_pool,5,O_researcher_7,fixed,6.968,14.116,7.148000000000001,1,4,0.0,6.968,False,1.0,5.57,1.578,0.0
trading,fixed_worker_pool,fixed_worker_pool,6,O_trader_1,fixed,7.112,12.754,5.6419999999999995,1,4,7.112,0.0,True,1.5,4.148,1.494,0.0
trading,fixed_worker_pool,fixed_worker_pool,7,O_researcher_3,fixed,7.146000000000001,14.25,7.104,1,3,0.0,7.146000000000001,False,1.0,5.652,1.452,0.0
trading,fixed_worker_pool,fixed_worker_pool,8,O_researcher_0,fixed,7.35,14.354,7.0040000000000004,1,2,0.0,7.35,False,1.0,5.69,1.314,0.0
trading,fixed_worker_pool,fixed_worker_pool,9,O_risk_1,fixed,12.754,19.942,7.188000000000001,1,2,12.754,0.0,True,1.7,5.298,1.8900000000000001,0.0
trading,fixed_worker_pool,fixed_worker_pool,10,O_researcher_6,fixed,13.646,20.456000000000003,6.8100000000000005,1,1,0.0,13.646,False,1.0,5.376,1.434,0.0
trading,fixed_worker_pool,fixed_worker_pool,11,O_trader_7,fixed,14.116,19.733999999999998,5.617999999999999,1,1,14.116,0.0,False,1.5,4.148,1.47,0.0
trading,fixed_worker_pool,fixed_worker_pool,12,O_trader_5,fixed,14.15,19.716,5.566,1,1,14.15,0.0,False,1.5,4.138,1.428,0.0
trading,fixed_worker_pool,fixed_worker_pool,13,O_trader_4,fixed,14.184000000000001,19.892000000000003,5.708,1,1,14.184000000000001,0.0,False,1.5,4.208,1.5,0.0
trading,fixed_worker_pool,fixed_worker_pool,14,O_trader_2,fixed,14.244,19.726,5.482,1,1,14.244,0.0,False,1.5,4.15,1.332,0.0
trading,fixed_worker_pool,fixed_worker_pool,15,O_trader_3,fixed,14.25,20.072,5.822,1,1,14.25,0.0,False,1.5,4.25,1.572,0.0
trading,fixed_worker_pool,fixed_worker_pool,16,O_trader_0,fixed,14.354,19.89,5.5360000000000005,1,1,14.354,0.0,False,1.5,4.054,1.482,0.0
trading,fixed_worker_pool,fixed_worker_pool,17,O_risk_5,fixed,19.716,26.51,6.794,1,1,19.716,0.0,False,1.7,5.276,1.518,0.0
trading,fixed_worker_pool,fixed_worker_pool,18,O_risk_2,fixed,19.726,26.241999999999997,6.516,1,1,19.726,0.0,False,1.7,5.244,1.272,0.0
trading,fixed_worker_pool,fixed_worker_pool,19,O_risk_7,fixed,19.733999999999998,26.631999999999998,6.898,1,1,19.733999999999998,0.0,False,1.7,5.29,1.608,0.0
trading,fixed_worker_pool,fixed_worker_pool,20,O_risk_0,fixed,19.89,26.444000000000003,6.554,1,1,19.89,0.0,False,1.7,5.2940000000000005,1.26,0.0
trading,fixed_worker_pool,fixed_worker_pool,21,O_risk_4,fixed,19.892000000000003,26.524,6.632,1,1,19.892000000000003,0.0,False,1.7,5.3,1.332,0.0
trading,fixed_worker_pool,fixed_worker_pool,22,O_risk_3,fixed,20.072,26.68,6.608,1,1,20.072,0.0,False,1.7,5.324,1.284,0.0
trading,fixed_worker_pool,fixed_worker_pool,23,O_trader_6,fixed,20.456000000000003,25.904000000000003,5.448,1,1,20.456000000000003,0.0,False,1.5,4.17,1.278,0.0
trading,fixed_worker_pool,fixed_worker_pool,24,O_risk_6,fixed,25.904000000000003,32.864000000000004,6.96,1,1,25.904000000000003,0.0,False,1.7,5.226,1.734,0.0
trading,fixed_worker_pool,fixed_worker_pool,25,O_manager,fixed,32.864000000000004,46.86800000000001,14.004000000000001,1,1,32.864000000000004,0.0,True,2.4,12.618,1.3860000000000001,0.0
trading,static_full_resource,static_full_resource,0,O_researcher_1,parallel,0.0,7.112,7.112,1,16,0.0,0.0,True,1.0,5.618,1.494,0.0
trading,static_full_resource,static_full_resource,0,O_analyst_3,parallel,0.0,7.35,7.35,1,16,0.0,0.0,False,1.1,5.652,1.698,0.0
trading,static_full_resource,static_full_resource,0,O_analyst_5,parallel,0.0,7.146000000000001,7.146000000000001,1,16,0.0,0.0,False,1.1,5.772,1.374,0.0
trading,static_full_resource,static_full_resource,0,O_analyst_1,parallel,0.0,6.968,6.968,1,16,0.0,0.0,False,1.1,5.618,1.35,0.0
trading,static_full_resource,static_full_resource,0,O_analyst_0,parallel,0.0,6.938000000000001,6.938000000000001,1,16,0.0,0.0,False,1.1,5.69,1.248,0.0
trading,static_full_resource,static_full_resource,0,O_analyst_4,parallel,0.0,6.9,6.9,1,16,0.0,0.0,False,1.1,5.58,1.32,0.0
trading,static_full_resource,static_full_resource,0,O_analyst_6,parallel,0.0,6.852,6.852,1,16,0.0,0.0,False,1.1,5.376,1.476,0.0
trading,static_full_resource,static_full_resource,0,O_analyst_7,parallel,0.0,6.836,6.836,1,16,0.0,0.0,False,1.1,5.57,1.266,0.0
trading,static_full_resource,static_full_resource,1,O_analyst_2,parallel,6.836,13.646,6.8100000000000005,1,8,0.0,6.836,False,1.1,5.676,1.1340000000000001,0.0
trading,static_full_resource,static_full_resource,2,O_researcher_2,parallel,6.852,14.244,7.392,1,7,0.0,6.852,False,1.0,5.676,1.716,0.0
trading,static_full_resource,static_full_resource,3,O_researcher_4,parallel,6.9,14.184000000000001,7.284,1,6,0.0,6.9,False,1.0,5.58,1.704,0.0
trading,static_full_resource,static_full_resource,4,O_researcher_5,parallel,6.938000000000001,14.15,7.212,1,5,0.0,6.938000000000001,False,1.0,5.772,1.44,0.0
trading,static_full_resource,static_full_resource,5,O_researcher_7,parallel,6.968,14.116,7.148000000000001,1,4,0.0,6.968,False,1.0,5.57,1.578,0.0
trading,static_full_resource,static_full_resource,6,O_trader_1,parallel,7.112,12.754,5.6419999999999995,1,4,7.112,0.0,True,1.5,4.148,1.494,0.0
trading,static_full_resource,static_full_resource,7,O_researcher_3,parallel,7.146000000000001,14.25,7.104,1,3,0.0,7.146000000000001,False,1.0,5.652,1.452,0.0
trading,static_full_resource,static_full_resource,8,O_researcher_0,parallel,7.35,14.354,7.0040000000000004,1,2,0.0,7.35,False,1.0,5.69,1.314,0.0
trading,static_full_resource,static_full_resource,9,O_risk_1,parallel,12.754,19.942,7.188000000000001,1,2,12.754,0.0,True,1.7,5.298,1.8900000000000001,0.0
trading,static_full_resource,static_full_resource,10,O_researcher_6,parallel,13.646,20.456000000000003,6.8100000000000005,1,1,0.0,13.646,False,1.0,5.376,1.434,0.0
trading,static_full_resource,static_full_resource,11,O_trader_7,parallel,14.116,19.733999999999998,5.617999999999999,1,1,14.116,0.0,False,1.5,4.148,1.47,0.0
trading,static_full_resource,static_full_resource,12,O_trader_5,parallel,14.15,19.716,5.566,1,1,14.15,0.0,False,1.5,4.138,1.428,0.0
trading,static_full_resource,static_full_resource,13,O_trader_4,parallel,14.184000000000001,19.892000000000003,5.708,1,1,14.184000000000001,0.0,False,1.5,4.208,1.5,0.0
trading,static_full_resource,static_full_resource,14,O_trader_2,parallel,14.244,19.726,5.482,1,1,14.244,0.0,False,1.5,4.15,1.332,0.0
trading,static_full_resource,static_full_resource,15,O_trader_3,parallel,14.25,20.072,5.822,1,1,14.25,0.0,False,1.5,4.25,1.572,0.0
trading,static_full_resource,static_full_resource,16,O_trader_0,parallel,14.354,19.89,5.5360000000000005,1,1,14.354,0.0,False,1.5,4.054,1.482,0.0
trading,static_full_resource,static_full_resource,17,O_risk_5,parallel,19.716,26.51,6.794,1,1,19.716,0.0,False,1.7,5.276,1.518,0.0
trading,static_full_resource,static_full_resource,18,O_risk_2,parallel,19.726,26.241999999999997,6.516,1,1,19.726,0.0,False,1.7,5.244,1.272,0.0
trading,static_full_resource,static_full_resource,19,O_risk_7,parallel,19.733999999999998,26.631999999999998,6.898,1,1,19.733999999999998,0.0,False,1.7,5.29,1.608,0.0
trading,static_full_resource,static_full_resource,20,O_risk_0,parallel,19.89,26.444000000000003,6.554,1,1,19.89,0.0,False,1.7,5.2940000000000005,1.26,0.0
trading,static_full_resource,static_full_resource,21,O_risk_4,parallel,19.892000000000003,26.524,6.632,1,1,19.892000000000003,0.0,False,1.7,5.3,1.332,0.0
trading,static_full_resource,static_full_resource,22,O_risk_3,parallel,20.072,26.68,6.608,1,1,20.072,0.0,False,1.7,5.324,1.284,0.0
trading,static_full_resource,static_full_resource,23,O_trader_6,parallel,20.456000000000003,25.904000000000003,5.448,1,1,20.456000000000003,0.0,False,1.5,4.17,1.278,0.0
trading,static_full_resource,static_full_resource,24,O_risk_6,parallel,25.904000000000003,32.864000000000004,6.96,1,1,25.904000000000003,0.0,False,1.7,5.226,1.734,0.0
trading,static_full_resource,static_full_resource,25,O_manager,parallel,32.864000000000004,46.86800000000001,14.004000000000001,1,1,32.864000000000004,0.0,True,2.4,12.618,1.3860000000000001,0.0
trading,always_parallel,always_parallel,0,O_researcher_1,parallel,0.0,7.112,7.112,1,16,0.0,0.0,True,1.0,5.618,1.494,0.0
trading,always_parallel,always_parallel,0,O_analyst_3,parallel,0.0,7.35,7.35,1,16,0.0,0.0,False,1.1,5.652,1.698,0.0
trading,always_parallel,always_parallel,0,O_analyst_5,parallel,0.0,7.146000000000001,7.146000000000001,1,16,0.0,0.0,False,1.1,5.772,1.374,0.0
trading,always_parallel,always_parallel,0,O_analyst_1,parallel,0.0,6.968,6.968,1,16,0.0,0.0,False,1.1,5.618,1.35,0.0
trading,always_parallel,always_parallel,0,O_analyst_0,parallel,0.0,6.938000000000001,6.938000000000001,1,16,0.0,0.0,False,1.1,5.69,1.248,0.0
trading,always_parallel,always_parallel,0,O_analyst_4,parallel,0.0,6.9,6.9,1,16,0.0,0.0,False,1.1,5.58,1.32,0.0
trading,always_parallel,always_parallel,0,O_analyst_6,parallel,0.0,6.852,6.852,1,16,0.0,0.0,False,1.1,5.376,1.476,0.0
trading,always_parallel,always_parallel,0,O_analyst_7,parallel,0.0,6.836,6.836,1,16,0.0,0.0,False,1.1,5.57,1.266,0.0
trading,always_parallel,always_parallel,1,O_analyst_2,parallel,6.836,13.646,6.8100000000000005,1,8,0.0,6.836,False,1.1,5.676,1.1340000000000001,0.0
trading,always_parallel,always_parallel,2,O_researcher_2,parallel,6.852,14.244,7.392,1,7,0.0,6.852,False,1.0,5.676,1.716,0.0
trading,always_parallel,always_parallel,3,O_researcher_4,parallel,6.9,14.184000000000001,7.284,1,6,0.0,6.9,False,1.0,5.58,1.704,0.0
trading,always_parallel,always_parallel,4,O_researcher_5,parallel,6.938000000000001,14.15,7.212,1,5,0.0,6.938000000000001,False,1.0,5.772,1.44,0.0
trading,always_parallel,always_parallel,5,O_researcher_7,parallel,6.968,14.116,7.148000000000001,1,4,0.0,6.968,False,1.0,5.57,1.578,0.0
trading,always_parallel,always_parallel,6,O_trader_1,parallel,7.112,12.754,5.6419999999999995,1,4,7.112,0.0,True,1.5,4.148,1.494,0.0
trading,always_parallel,always_parallel,7,O_researcher_3,parallel,7.146000000000001,14.25,7.104,1,3,0.0,7.146000000000001,False,1.0,5.652,1.452,0.0
trading,always_parallel,always_parallel,8,O_researcher_0,parallel,7.35,14.354,7.0040000000000004,1,2,0.0,7.35,False,1.0,5.69,1.314,0.0
trading,always_parallel,always_parallel,9,O_risk_1,parallel,12.754,19.942,7.188000000000001,1,2,12.754,0.0,True,1.7,5.298,1.8900000000000001,0.0
trading,always_parallel,always_parallel,10,O_researcher_6,parallel,13.646,20.456000000000003,6.8100000000000005,1,1,0.0,13.646,False,1.0,5.376,1.434,0.0
trading,always_parallel,always_parallel,11,O_trader_7,parallel,14.116,19.733999999999998,5.617999999999999,1,1,14.116,0.0,False,1.5,4.148,1.47,0.0
trading,always_parallel,always_parallel,12,O_trader_5,parallel,14.15,19.716,5.566,1,1,14.15,0.0,False,1.5,4.138,1.428,0.0
trading,always_parallel,always_parallel,13,O_trader_4,parallel,14.184000000000001,19.892000000000003,5.708,1,1,14.184000000000001,0.0,False,1.5,4.208,1.5,0.0
trading,always_parallel,always_parallel,14,O_trader_2,parallel,14.244,19.726,5.482,1,1,14.244,0.0,False,1.5,4.15,1.332,0.0
trading,always_parallel,always_parallel,15,O_trader_3,parallel,14.25,20.072,5.822,1,1,14.25,0.0,False,1.5,4.25,1.572,0.0
trading,always_parallel,always_parallel,16,O_trader_0,parallel,14.354,19.89,5.5360000000000005,1,1,14.354,0.0,False,1.5,4.054,1.482,0.0
trading,always_parallel,always_parallel,17,O_risk_5,parallel,19.716,26.51,6.794,1,1,19.716,0.0,False,1.7,5.276,1.518,0.0
trading,always_parallel,always_parallel,18,O_risk_2,parallel,19.726,26.241999999999997,6.516,1,1,19.726,0.0,False,1.7,5.244,1.272,0.0
trading,always_parallel,always_parallel,19,O_risk_7,parallel,19.733999999999998,26.631999999999998,6.898,1,1,19.733999999999998,0.0,False,1.7,5.29,1.608,0.0
trading,always_parallel,always_parallel,20,O_risk_0,parallel,19.89,26.444000000000003,6.554,1,1,19.89,0.0,False,1.7,5.2940000000000005,1.26,0.0
trading,always_parallel,always_parallel,21,O_risk_4,parallel,19.892000000000003,26.524,6.632,1,1,19.892000000000003,0.0,False,1.7,5.3,1.332,0.0
trading,always_parallel,always_parallel,22,O_risk_3,parallel,20.072,26.68,6.608,1,1,20.072,0.0,False,1.7,5.324,1.284,0.0
trading,always_parallel,always_parallel,23,O_trader_6,parallel,20.456000000000003,25.904000000000003,5.448,1,1,20.456000000000003,0.0,False,1.5,4.17,1.278,0.0
trading,always_parallel,always_parallel,24,O_risk_6,parallel,25.904000000000003,32.864000000000004,6.96,1,1,25.904000000000003,0.0,False,1.7,5.226,1.734,0.0
trading,always_parallel,always_parallel,25,O_manager,parallel,32.864000000000004,46.86800000000001,14.004000000000001,1,1,32.864000000000004,0.0,True,2.4,12.618,1.3860000000000001,0.0
trading,always_consolidated,always_consolidated,0,O_researcher_1,consolidated,0.0,2.2661687953736482,2.2661687953736482,8,16,0.0,0.0,True,1.0,5.618,1.494,0.0
trading,always_consolidated,always_consolidated,1,O_analyst_3,consolidated,2.2661687953736482,4.608173948072793,2.342005152699144,8,15,0.0,2.2661687953736482,False,1.1,5.652,1.698,0.0
trading,always_consolidated,always_consolidated,2,O_analyst_5,consolidated,4.608173948072793,6.885176508778654,2.277002560705862,8,14,0.0,4.608173948072793,False,1.1,5.772,1.374,0.0
trading,always_consolidated,always_consolidated,3,O_analyst_1,consolidated,6.885176508778654,9.105461121568808,2.2202846127901545,8,13,0.0,6.885176508778654,False,1.1,5.618,1.35,0.0
trading,always_consolidated,always_consolidated,4,O_trader_1,consolidated,9.105461121568808,10.903228886402628,1.797767764833819,8,13,9.105461121568808,0.0,True,1.5,4.148,1.494,0.0
trading,always_consolidated,always_consolidated,5,O_risk_1,consolidated,10.903228886402628,13.193614333695342,2.290385447292714,8,13,10.903228886402628,0.0,True,1.7,5.298,1.8900000000000001,0.0
trading,always_consolidated,always_consolidated,6,O_analyst_0,consolidated,13.193614333695342,15.404339741780602,2.2107254080852603,8,12,0.0,13.193614333695342,False,1.1,5.69,1.248,0.0
trading,always_consolidated,always_consolidated,7,O_analyst_4,consolidated,15.404339741780602,17.60295682390633,2.198617082125727,8,11,0.0,15.404339741780602,False,1.1,5.58,1.32,0.0
trading,always_consolidated,always_consolidated,8,O_analyst_6,consolidated,17.60295682390633,19.786279178504223,2.183322354597896,8,10,0.0,17.60295682390633,False,1.1,5.376,1.476,0.0
trading,always_consolidated,always_consolidated,9,O_analyst_7,consolidated,19.786279178504223,21.96450329059284,2.178224112088619,8,9,0.0,19.786279178504223,False,1.1,5.57,1.266,0.0
trading,always_consolidated,always_consolidated,10,O_analyst_2,consolidated,21.96450329059284,24.134442758603885,2.169939468011044,8,8,0.0,21.96450329059284,False,1.1,5.676,1.1340000000000001,0.0
trading,always_consolidated,always_consolidated,11,O_researcher_2,consolidated,24.134442758603885,26.48983079788988,2.3553880392859963,8,7,0.0,24.134442758603885,False,1.0,5.676,1.716,0.0
trading,always_consolidated,always_consolidated,12,O_trader_2,consolidated,26.48983079788988,28.23661613763093,1.7467853397410487,8,7,26.48983079788988,0.0,False,1.5,4.15,1.332,0.0
trading,always_consolidated,always_consolidated,13,O_risk_2,consolidated,28.23661613763093,30.312875399534008,2.0762592619030777,8,7,28.23661613763093,0.0,False,1.7,5.244,1.272,0.0
trading,always_consolidated,always_consolidated,14,O_researcher_4,consolidated,30.312875399534008,32.63385030188238,2.320974902348376,8,6,0.0,30.312875399534008,False,1.0,5.58,1.704,0.0
trading,always_consolidated,always_consolidated,15,O_trader_4,consolidated,32.63385030188238,34.45264831706697,1.818798015184587,8,6,32.63385030188238,0.0,False,1.5,4.208,1.5,0.0
trading,always_consolidated,always_consolidated,16,O_risk_4,consolidated,34.45264831706697,36.56586983716231,2.1132215200953364,8,6,34.45264831706697,0.0,False,1.7,5.3,1.332,0.0
trading,always_consolidated,always_consolidated,17,O_researcher_5,consolidated,36.56586983716231,38.86390264821894,2.2980328110566295,8,5,0.0,36.56586983716231,False,1.0,5.772,1.44,0.0
trading,always_consolidated,always_consolidated,18,O_trader_5,consolidated,38.86390264821894,40.63745376113369,1.7735511129147532,8,5,38.86390264821894,0.0,False,1.5,4.138,1.428,0.0
trading,always_consolidated,always_consolidated,19,O_risk_5,consolidated,40.63745376113369,42.80229498663546,2.1648412255017666,8,5,40.63745376113369,0.0,False,1.7,5.276,1.518,0.0
trading,always_consolidated,always_consolidated,20,O_researcher_7,consolidated,42.80229498663546,45.07993482765498,2.2776398410195213,8,4,0.0,42.80229498663546,False,1.0,5.57,1.578,0.0
trading,always_consolidated,always_consolidated,21,O_trader_7,consolidated,45.07993482765498,46.87005522872489,1.7901204010699034,8,4,45.07993482765498,0.0,False,1.5,4.148,1.47,0.0
trading,always_consolidated,always_consolidated,22,O_risk_7,consolidated,46.87005522872489,49.068035030536954,2.1979798018120675,8,4,46.87005522872489,0.0,False,1.7,5.29,1.608,0.0
trading,always_consolidated,always_consolidated,23,O_researcher_3,consolidated,49.068035030536954,51.33165470465596,2.2636196741190093,8,3,0.0,49.068035030536954,False,1.0,5.652,1.452,0.0
trading,always_consolidated,always_consolidated,24,O_trader_3,consolidated,51.33165470465596,53.186777697719144,1.855122993063186,8,3,51.33165470465596,0.0,False,1.5,4.25,1.572,0.0
trading,always_consolidated,always_consolidated,25,O_risk_3,consolidated,53.186777697719144,55.292351854050565,2.105574156331421,8,3,53.186777697719144,0.0,False,1.7,5.324,1.284,0.0
trading,always_consolidated,always_consolidated,26,O_researcher_0,consolidated,55.292351854050565,57.524107512486594,2.231755658436028,8,2,0.0,55.292351854050565,False,1.0,5.69,1.314,0.0
trading,always_consolidated,always_consolidated,27,O_trader_0,consolidated,57.524107512486594,59.288099420696454,1.763991908209859,8,2,57.524107512486594,0.0,False,1.5,4.054,1.482,0.0
trading,always_consolidated,always_consolidated,28,O_risk_0,consolidated,59.288099420696454,61.37646700855907,2.088367587862611,8,2,59.288099420696454,0.0,False,1.7,5.2940000000000005,1.26,0.0
trading,always_consolidated,always_consolidated,29,O_researcher_6,consolidated,61.37646700855907,63.54640647657011,2.169939468011044,8,1,0.0,61.37646700855907,False,1.0,5.376,1.434,0.0
trading,always_consolidated,always_consolidated,30,O_trader_6,consolidated,63.54640647657011,65.28235805097894,1.7359515744088352,8,1,63.54640647657011,0.0,False,1.5,4.17,1.278,0.0
trading,always_consolidated,always_consolidated,31,O_risk_6,consolidated,65.28235805097894,67.50009354251446,2.217735491535516,8,1,65.28235805097894,0.0,False,1.7,5.226,1.734,0.0
trading,always_consolidated,always_consolidated,32,O_manager,consolidated,67.50009354251446,71.9623302987592,4.462236756244737,8,1,67.50009354251446,0.0,True,2.4,12.618,1.3860000000000001,0.0
trading,static_split_resource,static_split_resource,0,O_researcher_1,split_consolidated,0.0,3.317865317904887,3.317865317904887,4,16,0.0,0.0,True,1.0,5.618,1.494,0.0
trading,static_split_resource,static_split_resource,0,O_analyst_3,split_parallel,0.0,7.35,7.35,1,16,0.0,0.0,False,1.1,5.652,1.698,0.0
trading,static_split_resource,static_split_resource,0,O_analyst_5,split_parallel,0.0,7.146000000000001,7.146000000000001,1,16,0.0,0.0,False,1.1,5.772,1.374,0.0
trading,static_split_resource,static_split_resource,0,O_analyst_1,split_parallel,0.0,6.968,6.968,1,16,0.0,0.0,False,1.1,5.618,1.35,0.0
trading,static_split_resource,static_split_resource,0,O_analyst_0,split_parallel,0.0,6.938000000000001,6.938000000000001,1,16,0.0,0.0,False,1.1,5.69,1.248,0.0
trading,static_split_resource,static_split_resource,1,O_analyst_4,split_consolidated,3.317865317904887,6.536829138706873,3.218963820801986,4,11,0.0,3.317865317904887,False,1.1,5.58,1.32,0.0
trading,static_split_resource,static_split_resource,2,O_analyst_6,split_consolidated,6.536829138706873,9.733400167711975,3.1965710290051024,4,10,0.0,6.536829138706873,False,1.1,5.376,1.476,0.0
trading,static_split_resource,static_split_resource,3,O_analyst_7,split_parallel,6.938000000000001,13.774000000000001,6.836,1,9,0.0,6.938000000000001,False,1.1,5.57,1.266,0.0
trading,static_split_resource,static_split_resource,4,O_trader_1,split_parallel,6.968,12.61,5.6419999999999995,1,9,6.968,0.0,True,1.5,4.148,1.494,0.0
trading,static_split_resource,static_split_resource,5,O_analyst_2,split_parallel,7.146000000000001,13.956000000000001,6.8100000000000005,1,8,0.0,7.146000000000001,False,1.1,5.676,1.1340000000000001,0.0
trading,static_split_resource,static_split_resource,6,O_researcher_2,split_parallel,7.35,14.742,7.392,1,7,0.0,7.35,False,1.0,5.676,1.716,0.0
trading,static_split_resource,static_split_resource,7,O_researcher_4,split_consolidated,9.733400167711975,13.131506322889027,3.398106155177053,4,6,0.0,9.733400167711975,False,1.0,5.58,1.704,0.0
trading,static_split_resource,static_split_resource,8,O_risk_1,split_parallel,12.61,19.798000000000002,7.188000000000001,1,6,12.61,0.0,True,1.7,5.298,1.8900000000000001,0.0
trading,static_split_resource,static_split_resource,9,O_trader_4,split_consolidated,13.131506322889027,15.794382480735075,2.6628761578460485,4,6,13.131506322889027,0.0,False,1.5,4.208,1.5,0.0
trading,static_split_resource,static_split_resource,10,O_researcher_5,split_parallel,13.774000000000001,20.986,7.212,1,5,0.0,13.774000000000001,False,1.0,5.772,1.44,0.0
trading,static_split_resource,static_split_resource,11,O_researcher_7,split_parallel,13.956000000000001,21.104000000000003,7.148000000000001,1,4,0.0,13.956000000000001,False,1.0,5.57,1.578,0.0
trading,static_split_resource,static_split_resource,12,O_trader_2,split_parallel,14.742,20.224,5.482,1,4,14.742,0.0,False,1.5,4.15,1.332,0.0
trading,static_split_resource,static_split_resource,13,O_risk_4,split_consolidated,15.794382480735075,18.88831988067113,3.0939373999360535,4,4,15.794382480735075,0.0,False,1.7,5.3,1.332,0.0
trading,static_split_resource,static_split_resource,14,O_researcher_3,split_consolidated,18.88831988067113,22.20245306660987,3.31413318593874,4,3,0.0,18.88831988067113,False,1.0,5.652,1.452,0.0
trading,static_split_resource,static_split_resource,15,O_researcher_0,split_parallel,19.798000000000002,26.802000000000003,7.0040000000000004,1,2,0.0,19.798000000000002,False,1.0,5.69,1.314,0.0
trading,static_split_resource,static_split_resource,16,O_risk_2,split_parallel,20.224,26.740000000000002,6.516,1,2,20.224,0.0,False,1.7,5.244,1.272,0.0
trading,static_split_resource,static_split_resource,17,O_trader_5,split_parallel,20.986,26.552,5.566,1,2,20.986,0.0,False,1.5,4.138,1.428,0.0
trading,static_split_resource,static_split_resource,18,O_trader_7,split_parallel,21.104000000000003,26.722,5.617999999999999,1,2,21.104000000000003,0.0,False,1.5,4.148,1.47,0.0
trading,static_split_resource,static_split_resource,19,O_trader_3,split_consolidated,22.20245306660987,24.918512104973516,2.7160590383636465,4,2,22.20245306660987,0.0,False,1.5,4.25,1.572,0.0
trading,static_split_resource,static_split_resource,20,O_risk_3,split_consolidated,24.918512104973516,28.001253109011127,3.0827410040376115,4,2,24.918512104973516,0.0,False,1.7,5.324,1.284,0.0
trading,static_split_resource,static_split_resource,21,O_risk_5,split_parallel,26.552,33.346,6.794,1,2,26.552,0.0,False,1.7,5.276,1.518,0.0
trading,static_split_resource,static_split_resource,22,O_risk_7,split_parallel,26.722,33.620000000000005,6.898,1,2,26.722,0.0,False,1.7,5.29,1.608,0.0
trading,static_split_resource,static_split_resource,23,O_researcher_6,split_parallel,26.740000000000002,33.550000000000004,6.8100000000000005,1,1,0.0,26.740000000000002,False,1.0,5.376,1.434,0.0
trading,static_split_resource,static_split_resource,24,O_trader_0,split_parallel,26.802000000000003,32.338,5.5360000000000005,1,1,26.802000000000003,0.0,False,1.5,4.054,1.482,0.0
trading,static_split_resource,static_split_resource,25,O_risk_0,split_consolidated,32.338,35.39554911326612,3.057549113266118,4,1,32.338,0.0,False,1.7,5.2940000000000005,1.26,0.0
trading,static_split_resource,static_split_resource,26,O_trader_6,split_parallel,33.550000000000004,38.998000000000005,5.448,1,1,33.550000000000004,0.0,False,1.5,4.17,1.278,0.0
trading,static_split_resource,static_split_resource,27,O_risk_6,split_consolidated,38.998000000000005,42.244954810548094,3.24695481054809,4,1,38.998000000000005,0.0,False,1.7,5.226,1.734,0.0
trading,static_split_resource,static_split_resource,28,O_manager,split_consolidated,42.244954810548094,48.77805181728882,6.533097006740726,4,1,42.244954810548094,0.0,True,2.4,12.618,1.3860000000000001,0.0
trading,frontier_aware_morphing,frontier_aware_morphing,0,O_researcher_1,parallel,0.0,7.112,7.112,1,16,0.0,0.0,True,1.0,5.618,1.494,0.0
trading,frontier_aware_morphing,frontier_aware_morphing,0,O_analyst_3,parallel,0.0,7.35,7.35,1,16,0.0,0.0,False,1.1,5.652,1.698,0.0
trading,frontier_aware_morphing,frontier_aware_morphing,0,O_analyst_5,parallel,0.0,7.146000000000001,7.146000000000001,1,16,0.0,0.0,False,1.1,5.772,1.374,0.0
trading,frontier_aware_morphing,frontier_aware_morphing,0,O_analyst_1,parallel,0.0,6.968,6.968,1,16,0.0,0.0,False,1.1,5.618,1.35,0.0
trading,frontier_aware_morphing,frontier_aware_morphing,0,O_analyst_0,parallel,0.0,6.938000000000001,6.938000000000001,1,16,0.0,0.0,False,1.1,5.69,1.248,0.0
trading,frontier_aware_morphing,frontier_aware_morphing,0,O_analyst_4,parallel,0.0,6.9,6.9,1,16,0.0,0.0,False,1.1,5.58,1.32,0.0
trading,frontier_aware_morphing,frontier_aware_morphing,0,O_analyst_6,parallel,0.0,6.852,6.852,1,16,0.0,0.0,False,1.1,5.376,1.476,0.0
trading,frontier_aware_morphing,frontier_aware_morphing,0,O_analyst_7,parallel,0.0,6.836,6.836,1,16,0.0,0.0,False,1.1,5.57,1.266,0.0
trading,frontier_aware_morphing,frontier_aware_morphing,1,O_analyst_2,parallel,6.836,13.646,6.8100000000000005,1,8,0.0,6.836,False,1.1,5.676,1.1340000000000001,0.0
trading,frontier_aware_morphing,frontier_aware_morphing,2,O_researcher_2,parallel,6.852,14.244,7.392,1,7,0.0,6.852,False,1.0,5.676,1.716,0.0
trading,frontier_aware_morphing,frontier_aware_morphing,3,O_researcher_4,parallel,6.9,14.184000000000001,7.284,1,6,0.0,6.9,False,1.0,5.58,1.704,0.0
trading,frontier_aware_morphing,frontier_aware_morphing,4,O_researcher_5,parallel,6.938000000000001,14.15,7.212,1,5,0.0,6.938000000000001,False,1.0,5.772,1.44,0.0
trading,frontier_aware_morphing,frontier_aware_morphing,5,O_researcher_7,parallel,6.968,14.116,7.148000000000001,1,4,0.0,6.968,False,1.0,5.57,1.578,0.0
trading,frontier_aware_morphing,frontier_aware_morphing,6,O_trader_1,parallel,7.112,12.754,5.6419999999999995,1,4,7.112,0.0,True,1.5,4.148,1.494,0.0
trading,frontier_aware_morphing,frontier_aware_morphing,7,O_researcher_3,parallel,7.146000000000001,14.25,7.104,1,3,0.0,7.146000000000001,False,1.0,5.652,1.452,0.0
trading,frontier_aware_morphing,frontier_aware_morphing,8,O_researcher_0,parallel,7.35,14.354,7.0040000000000004,1,2,0.0,7.35,False,1.0,5.69,1.314,0.0
trading,frontier_aware_morphing,frontier_aware_morphing,9,O_risk_1,parallel,12.754,19.942,7.188000000000001,1,2,12.754,0.0,True,1.7,5.298,1.8900000000000001,0.0
trading,frontier_aware_morphing,frontier_aware_morphing,10,O_researcher_6,fixed,13.646,20.456000000000003,6.8100000000000005,1,1,0.0,13.646,False,1.0,5.376,1.434,0.0
trading,frontier_aware_morphing,frontier_aware_morphing,11,O_trader_7,fixed,14.116,19.733999999999998,5.617999999999999,1,1,14.116,0.0,False,1.5,4.148,1.47,0.0
trading,frontier_aware_morphing,frontier_aware_morphing,12,O_trader_5,fixed,14.15,19.716,5.566,1,1,14.15,0.0,False,1.5,4.138,1.428,0.0
trading,frontier_aware_morphing,frontier_aware_morphing,13,O_trader_4,fixed,14.184000000000001,19.892000000000003,5.708,1,1,14.184000000000001,0.0,False,1.5,4.208,1.5,0.0
trading,frontier_aware_morphing,frontier_aware_morphing,14,O_trader_2,fixed,14.244,19.726,5.482,1,1,14.244,0.0,False,1.5,4.15,1.332,0.0
trading,frontier_aware_morphing,frontier_aware_morphing,15,O_trader_3,fixed,14.25,20.072,5.822,1,1,14.25,0.0,False,1.5,4.25,1.572,0.0
trading,frontier_aware_morphing,frontier_aware_morphing,16,O_trader_0,fixed,14.354,19.89,5.5360000000000005,1,1,14.354,0.0,False,1.5,4.054,1.482,0.0
trading,frontier_aware_morphing,frontier_aware_morphing,17,O_risk_5,fixed,19.716,26.51,6.794,1,1,19.716,0.0,False,1.7,5.276,1.518,0.0
trading,frontier_aware_morphing,frontier_aware_morphing,18,O_risk_2,fixed,19.726,26.241999999999997,6.516,1,1,19.726,0.0,False,1.7,5.244,1.272,0.0
trading,frontier_aware_morphing,frontier_aware_morphing,19,O_risk_7,fixed,19.733999999999998,26.631999999999998,6.898,1,1,19.733999999999998,0.0,False,1.7,5.29,1.608,0.0
trading,frontier_aware_morphing,frontier_aware_morphing,20,O_risk_0,fixed,19.89,26.444000000000003,6.554,1,1,19.89,0.0,False,1.7,5.2940000000000005,1.26,0.0
trading,frontier_aware_morphing,frontier_aware_morphing,21,O_risk_4,fixed,19.892000000000003,26.524,6.632,1,1,19.892000000000003,0.0,False,1.7,5.3,1.332,0.0
trading,frontier_aware_morphing,frontier_aware_morphing,22,O_risk_3,fixed,20.072,26.68,6.608,1,1,20.072,0.0,False,1.7,5.324,1.284,0.0
trading,frontier_aware_morphing,frontier_aware_morphing,23,O_trader_6,fixed,20.456000000000003,25.904000000000003,5.448,1,1,20.456000000000003,0.0,False,1.5,4.17,1.278,0.0
trading,frontier_aware_morphing,frontier_aware_morphing,24,O_risk_6,fixed,25.904000000000003,32.864000000000004,6.96,1,1,25.904000000000003,0.0,False,1.7,5.226,1.734,0.0
trading,frontier_aware_morphing,frontier_aware_morphing,25,O_manager,consolidated_fast_lane,32.864000000000004,37.32623675624474,4.462236756244737,8,1,32.864000000000004,0.0,True,2.4,12.618,1.3860000000000001,0.0
software_dev,fixed_worker_pool,fixed_worker_pool,0,O_planner,fixed,0.0,6.306,6.306,1,1,0.0,0.0,True,1.8,4.8,1.506,0.0
software_dev,fixed_worker_pool,fixed_worker_pool,1,O_coder_3,fixed,6.306,13.97,7.664000000000001,1,4,6.306,0.0,True,1.2,6.014,1.6500000000000001,0.0
software_dev,fixed_worker_pool,fixed_worker_pool,1,O_coder_2,fixed,6.306,14.256,7.95,1,4,6.306,0.0,False,1.2,6.312,1.6380000000000001,0.0
software_dev,fixed_worker_pool,fixed_worker_pool,1,O_coder_1,fixed,6.306,13.776,7.470000000000001,1,4,6.306,0.0,False,1.2,6.12,1.35,0.0
software_dev,fixed_worker_pool,fixed_worker_pool,1,O_coder_0,fixed,6.306,13.620000000000001,7.314,1,4,6.306,0.0,False,1.2,6.0,1.314,0.0
software_dev,fixed_worker_pool,fixed_worker_pool,2,O_tester_0,fixed,13.620000000000001,20.340000000000003,6.720000000000001,1,1,13.620000000000001,0.0,False,1.0,5.238,1.482,0.0
software_dev,fixed_worker_pool,fixed_worker_pool,3,O_tester_1,fixed,13.776,20.52,6.744,1,1,13.776,0.0,False,1.0,5.25,1.494,0.0
software_dev,fixed_worker_pool,fixed_worker_pool,4,O_tester_3,fixed,13.97,20.928,6.958,1,1,13.97,0.0,True,1.0,5.3500000000000005,1.608,0.0
software_dev,fixed_worker_pool,fixed_worker_pool,5,O_tester_2,fixed,14.256,20.736,6.48,1,1,14.256,0.0,False,1.0,5.346,1.1340000000000001,0.0
software_dev,fixed_worker_pool,fixed_worker_pool,6,O_debugger_0,fixed,20.340000000000003,25.732000000000003,5.3919999999999995,1,1,20.340000000000003,0.0,False,1.5,4.132,1.26,0.0
software_dev,fixed_worker_pool,fixed_worker_pool,7,O_debugger_1,fixed,20.52,26.162,5.6419999999999995,1,1,20.52,0.0,False,1.5,4.148,1.494,0.0
software_dev,fixed_worker_pool,fixed_worker_pool,8,O_debugger_2,fixed,20.736,26.576,5.84,1,1,20.736,0.0,False,1.5,4.124,1.716,0.0
software_dev,fixed_worker_pool,fixed_worker_pool,9,O_debugger_3,fixed,20.928,26.912,5.984,1,1,20.928,0.0,True,1.5,4.2860000000000005,1.698,0.0
software_dev,fixed_worker_pool,fixed_worker_pool,10,O_reviewer,fixed,26.912,35.22,8.308,1,1,26.912,0.0,True,2.2,6.856,1.452,0.0
software_dev,static_full_resource,static_full_resource,0,O_planner,parallel,0.0,6.306,6.306,1,1,0.0,0.0,True,1.8,4.8,1.506,0.0
software_dev,static_full_resource,static_full_resource,1,O_coder_3,parallel,6.306,13.97,7.664000000000001,1,4,6.306,0.0,True,1.2,6.014,1.6500000000000001,0.0
software_dev,static_full_resource,static_full_resource,1,O_coder_2,parallel,6.306,14.256,7.95,1,4,6.306,0.0,False,1.2,6.312,1.6380000000000001,0.0
software_dev,static_full_resource,static_full_resource,1,O_coder_1,parallel,6.306,13.776,7.470000000000001,1,4,6.306,0.0,False,1.2,6.12,1.35,0.0
software_dev,static_full_resource,static_full_resource,1,O_coder_0,parallel,6.306,13.620000000000001,7.314,1,4,6.306,0.0,False,1.2,6.0,1.314,0.0
software_dev,static_full_resource,static_full_resource,2,O_tester_0,parallel,13.620000000000001,20.340000000000003,6.720000000000001,1,1,13.620000000000001,0.0,False,1.0,5.238,1.482,0.0
software_dev,static_full_resource,static_full_resource,3,O_tester_1,parallel,13.776,20.52,6.744,1,1,13.776,0.0,False,1.0,5.25,1.494,0.0
software_dev,static_full_resource,static_full_resource,4,O_tester_3,parallel,13.97,20.928,6.958,1,1,13.97,0.0,True,1.0,5.3500000000000005,1.608,0.0
software_dev,static_full_resource,static_full_resource,5,O_tester_2,parallel,14.256,20.736,6.48,1,1,14.256,0.0,False,1.0,5.346,1.1340000000000001,0.0
software_dev,static_full_resource,static_full_resource,6,O_debugger_0,parallel,20.340000000000003,25.732000000000003,5.3919999999999995,1,1,20.340000000000003,0.0,False,1.5,4.132,1.26,0.0
software_dev,static_full_resource,static_full_resource,7,O_debugger_1,parallel,20.52,26.162,5.6419999999999995,1,1,20.52,0.0,False,1.5,4.148,1.494,0.0
software_dev,static_full_resource,static_full_resource,8,O_debugger_2,parallel,20.736,26.576,5.84,1,1,20.736,0.0,False,1.5,4.124,1.716,0.0
software_dev,static_full_resource,static_full_resource,9,O_debugger_3,parallel,20.928,26.912,5.984,1,1,20.928,0.0,True,1.5,4.2860000000000005,1.698,0.0
software_dev,static_full_resource,static_full_resource,10,O_reviewer,parallel,26.912,35.22,8.308,1,1,26.912,0.0,True,2.2,6.856,1.452,0.0
software_dev,always_parallel,always_parallel,0,O_planner,parallel,0.0,6.306,6.306,1,1,0.0,0.0,True,1.8,4.8,1.506,0.0
software_dev,always_parallel,always_parallel,1,O_coder_3,parallel,6.306,13.97,7.664000000000001,1,4,6.306,0.0,True,1.2,6.014,1.6500000000000001,0.0
software_dev,always_parallel,always_parallel,1,O_coder_2,parallel,6.306,14.256,7.95,1,4,6.306,0.0,False,1.2,6.312,1.6380000000000001,0.0
software_dev,always_parallel,always_parallel,1,O_coder_1,parallel,6.306,13.776,7.470000000000001,1,4,6.306,0.0,False,1.2,6.12,1.35,0.0
software_dev,always_parallel,always_parallel,1,O_coder_0,parallel,6.306,13.620000000000001,7.314,1,4,6.306,0.0,False,1.2,6.0,1.314,0.0
software_dev,always_parallel,always_parallel,2,O_tester_0,parallel,13.620000000000001,20.340000000000003,6.720000000000001,1,1,13.620000000000001,0.0,False,1.0,5.238,1.482,0.0
software_dev,always_parallel,always_parallel,3,O_tester_1,parallel,13.776,20.52,6.744,1,1,13.776,0.0,False,1.0,5.25,1.494,0.0
software_dev,always_parallel,always_parallel,4,O_tester_3,parallel,13.97,20.928,6.958,1,1,13.97,0.0,True,1.0,5.3500000000000005,1.608,0.0
software_dev,always_parallel,always_parallel,5,O_tester_2,parallel,14.256,20.736,6.48,1,1,14.256,0.0,False,1.0,5.346,1.1340000000000001,0.0
software_dev,always_parallel,always_parallel,6,O_debugger_0,parallel,20.340000000000003,25.732000000000003,5.3919999999999995,1,1,20.340000000000003,0.0,False,1.5,4.132,1.26,0.0
software_dev,always_parallel,always_parallel,7,O_debugger_1,parallel,20.52,26.162,5.6419999999999995,1,1,20.52,0.0,False,1.5,4.148,1.494,0.0
software_dev,always_parallel,always_parallel,8,O_debugger_2,parallel,20.736,26.576,5.84,1,1,20.736,0.0,False,1.5,4.124,1.716,0.0
software_dev,always_parallel,always_parallel,9,O_debugger_3,parallel,20.928,26.912,5.984,1,1,20.928,0.0,True,1.5,4.2860000000000005,1.698,0.0
software_dev,always_parallel,always_parallel,10,O_reviewer,parallel,26.912,35.22,8.308,1,1,26.912,0.0,True,2.2,6.856,1.452,0.0
software_dev,always_consolidated,always_consolidated,0,O_planner,consolidated,0.0,2.0093448289688167,2.0093448289688167,8,1,0.0,0.0,True,1.8,4.8,1.506,0.0
software_dev,always_consolidated,always_consolidated,1,O_coder_3,consolidated,2.0093448289688167,4.4514029909125234,2.4420581619437063,8,4,2.0093448289688167,0.0,True,1.2,6.014,1.6500000000000001,0.0
software_dev,always_consolidated,always_consolidated,2,O_tester_3,consolidated,4.4514029909125234,6.6685012021343795,2.2170982112218565,8,4,4.4514029909125234,0.0,True,1.0,5.3500000000000005,1.608,0.0
software_dev,always_consolidated,always_consolidated,3,O_debugger_3,consolidated,6.6685012021343795,8.575243900603995,1.906742698469616,8,4,6.6685012021343795,0.0,True,1.5,4.2860000000000005,1.698,0.0
software_dev,always_consolidated,always_consolidated,4,O_coder_2,consolidated,8.575243900603995,11.10843314740103,2.5331892467970336,8,3,2.0093448289688167,6.565899071635179,False,1.2,6.312,1.6380000000000001,0.0
software_dev,always_consolidated,always_consolidated,5,O_coder_1,consolidated,11.10843314740103,13.488675118919751,2.380241971518722,8,3,2.0093448289688167,9.099088318432212,False,1.2,6.12,1.35,0.0
software_dev,always_consolidated,always_consolidated,6,O_coder_0,consolidated,13.488675118919751,15.819209225973022,2.330534107053271,8,3,2.0093448289688167,11.479330289950934,False,1.2,6.0,1.314,0.0
software_dev,always_consolidated,always_consolidated,7,O_tester_1,consolidated,15.819209225973022,17.968118443633298,2.1489092176602758,8,3,13.488675118919751,2.3305341070532712,False,1.0,5.25,1.494,0.0
software_dev,always_consolidated,always_consolidated,8,O_debugger_1,consolidated,17.968118443633298,19.765886208467116,1.797767764833819,8,3,17.968118443633298,0.0,False,1.5,4.148,1.494,0.0
software_dev,always_consolidated,always_consolidated,9,O_tester_0,consolidated,19.765886208467116,21.907148062363476,2.1412618538963604,8,2,15.819209225973022,3.9466769824940933,False,1.0,5.238,1.482,0.0
software_dev,always_consolidated,always_consolidated,10,O_debugger_0,consolidated,21.907148062363476,23.62525578798984,1.718107725626365,8,2,21.907148062363476,0.0,False,1.5,4.132,1.26,0.0
software_dev,always_consolidated,always_consolidated,11,O_tester_2,consolidated,23.62525578798984,25.690044004247046,2.0647882162572047,8,1,11.10843314740103,12.51682264058881,False,1.0,5.346,1.1340000000000001,0.0
software_dev,always_consolidated,always_consolidated,12,O_debugger_2,consolidated,25.690044004247046,27.550902520133167,1.8608585158861226,8,1,25.690044004247046,0.0,False,1.5,4.124,1.716,0.0
software_dev,always_consolidated,always_consolidated,13,O_reviewer,consolidated,27.550902520133167,30.198164943075273,2.647262422942107,8,1,27.550902520133167,0.0,True,2.2,6.856,1.452,0.0
software_dev,static_split_resource,static_split_resource,0,O_planner,split_consolidated,0.0,2.941853022315554,2.941853022315554,4,1,0.0,0.0,True,1.8,4.8,1.506,0.0
software_dev,static_split_resource,static_split_resource,1,O_coder_3,split_consolidated,2.941853022315554,6.5172354458846,3.5753824235690463,4,4,2.941853022315554,0.0,True,1.2,6.014,1.6500000000000001,0.0
software_dev,static_split_resource,static_split_resource,1,O_coder_2,split_parallel,2.941853022315554,10.891853022315555,7.95,1,4,2.941853022315554,0.0,False,1.2,6.312,1.6380000000000001,0.0
software_dev,static_split_resource,static_split_resource,1,O_coder_1,split_parallel,2.941853022315554,10.411853022315555,7.470000000000001,1,4,2.941853022315554,0.0,False,1.2,6.12,1.35,0.0
software_dev,static_split_resource,static_split_resource,1,O_coder_0,split_parallel,2.941853022315554,10.255853022315554,7.314,1,4,2.941853022315554,0.0,False,1.2,6.0,1.314,0.0
software_dev,static_split_resource,static_split_resource,2,O_tester_3,split_consolidated,6.5172354458846,9.763257223441153,3.246021777556553,4,1,6.5172354458846,0.0,True,1.0,5.3500000000000005,1.608,0.0
software_dev,static_split_resource,static_split_resource,3,O_debugger_3,split_consolidated,9.763257223441153,12.554891934119281,2.791634710678128,4,1,9.763257223441153,0.0,True,1.5,4.2860000000000005,1.698,0.0
software_dev,static_split_resource,static_split_resource,4,O_tester_0,split_parallel,10.255853022315554,16.975853022315555,6.720000000000001,1,1,10.255853022315554,0.0,False,1.0,5.238,1.482,0.0
software_dev,static_split_resource,static_split_resource,5,O_tester_1,split_parallel,10.411853022315555,17.155853022315554,6.744,1,1,10.411853022315555,0.0,False,1.0,5.25,1.494,0.0
software_dev,static_split_resource,static_split_resource,6,O_tester_2,split_parallel,10.891853022315555,17.371853022315555,6.48,1,1,10.891853022315555,0.0,False,1.0,5.346,1.1340000000000001,0.0
software_dev,static_split_resource,static_split_resource,7,O_debugger_0,split_consolidated,16.975853022315555,19.491309967498786,2.5154569451832325,4,1,16.975853022315555,0.0,False,1.5,4.132,1.26,0.0
software_dev,static_split_resource,static_split_resource,8,O_debugger_1,split_parallel,17.155853022315554,22.797853022315554,5.6419999999999995,1,1,17.155853022315554,0.0,False,1.5,4.148,1.494,0.0
software_dev,static_split_resource,static_split_resource,9,O_debugger_2,split_parallel,17.371853022315555,23.211853022315555,5.84,1,1,17.371853022315555,0.0,False,1.5,4.124,1.716,0.0
software_dev,static_split_resource,static_split_resource,10,O_reviewer,split_consolidated,23.211853022315555,27.087672069159453,3.875819046843898,4,1,23.211853022315555,0.0,True,2.2,6.856,1.452,0.0
software_dev,frontier_aware_morphing,frontier_aware_morphing,0,O_planner,consolidated_fast_lane,0.0,2.0093448289688167,2.0093448289688167,8,1,0.0,0.0,True,1.8,4.8,1.506,0.0
software_dev,frontier_aware_morphing,frontier_aware_morphing,1,O_coder_3,parallel,2.0093448289688167,9.673344828968817,7.664000000000001,1,4,2.0093448289688167,0.0,True,1.2,6.014,1.6500000000000001,0.0
software_dev,frontier_aware_morphing,frontier_aware_morphing,1,O_coder_2,parallel,2.0093448289688167,9.959344828968817,7.95,1,4,2.0093448289688167,0.0,False,1.2,6.312,1.6380000000000001,0.0
software_dev,frontier_aware_morphing,frontier_aware_morphing,1,O_coder_1,parallel,2.0093448289688167,9.479344828968816,7.470000000000001,1,4,2.0093448289688167,0.0,False,1.2,6.12,1.35,0.0
software_dev,frontier_aware_morphing,frontier_aware_morphing,1,O_coder_0,parallel,2.0093448289688167,9.323344828968818,7.314,1,4,2.0093448289688167,0.0,False,1.2,6.0,1.314,0.0
software_dev,frontier_aware_morphing,frontier_aware_morphing,2,O_tester_0,fixed,9.323344828968818,16.04334482896882,6.720000000000001,1,1,9.323344828968818,0.0,False,1.0,5.238,1.482,0.0
software_dev,frontier_aware_morphing,frontier_aware_morphing,3,O_tester_1,fixed,9.479344828968816,16.223344828968816,6.744,1,1,9.479344828968816,0.0,False,1.0,5.25,1.494,0.0
software_dev,frontier_aware_morphing,frontier_aware_morphing,4,O_tester_3,fixed,9.673344828968817,16.631344828968817,6.958,1,1,9.673344828968817,0.0,True,1.0,5.3500000000000005,1.608,0.0
software_dev,frontier_aware_morphing,frontier_aware_morphing,5,O_tester_2,fixed,9.959344828968817,16.439344828968817,6.48,1,1,9.959344828968817,0.0,False,1.0,5.346,1.1340000000000001,0.0
software_dev,frontier_aware_morphing,frontier_aware_morphing,6,O_debugger_0,fixed,16.04334482896882,21.43534482896882,5.3919999999999995,1,1,16.04334482896882,0.0,False,1.5,4.132,1.26,0.0
software_dev,frontier_aware_morphing,frontier_aware_morphing,7,O_debugger_1,fixed,16.223344828968816,21.865344828968816,5.6419999999999995,1,1,16.223344828968816,0.0,False,1.5,4.148,1.494,0.0
software_dev,frontier_aware_morphing,frontier_aware_morphing,8,O_debugger_2,fixed,16.439344828968817,22.279344828968817,5.84,1,1,16.439344828968817,0.0,False,1.5,4.124,1.716,0.0
software_dev,frontier_aware_morphing,frontier_aware_morphing,9,O_debugger_3,fixed,16.631344828968817,22.615344828968816,5.984,1,1,16.631344828968817,0.0,True,1.5,4.2860000000000005,1.698,0.0
software_dev,frontier_aware_morphing,frontier_aware_morphing,10,O_reviewer,consolidated_fast_lane,22.615344828968816,25.26260725191092,2.647262422942107,8,1,22.615344828968816,0.0,True,2.2,6.856,1.452,0.0
